chromatic_A,fifths_A,entropy,display_year
0.009751436410609765,0.03154372888189882,1.9743531707632649,1361.0
0.00909651549639899,0.02803202744948433,1.9646209550481712,1361.0
0.011100579846579858,0.030133809762610476,2.0227857886094127,1361.0
0.010518422067901241,0.03082368827160494,2.0809780171439423,1361.0
0.00966470613893929,0.03178342004218141,2.034422641199898,1370.0
0.011637564680053492,0.02914789826163272,2.033074348006034,1370.0
0.016217712906926154,0.022141133657687596,1.9435788266597256,1377.0
0.00807387037495602,0.032956900259354355,1.9343907573743855,1377.0
0.011306269253721716,0.029975322978661637,2.14274401905397,1377.0
0.013065476190476193,0.027895408163265308,2.1857297188048537,1377.0
0.008691406250000006,0.032314453124999996,2.036210044497239,1436.0
0.00912995656048118,0.033192247716640685,1.9070540937065803,1436.0
0.009832404545031589,0.03462536574270324,1.9655147343320993,1436.0
0.010909662844233461,0.031699505276101686,2.06104595293553,1436.0
0.007599107237751096,0.031817940269954305,1.9020853287039114,1436.0
0.00909420387124487,0.03224918789766168,2.0583071192405398,1436.0
0.01156374790749002,0.030228001758175978,2.1694675713532643,1436.0
0.00798445865556217,0.03305324211778704,1.9049753470194153,1436.0
0.007486992715920921,0.03408428720083248,2.0014580917765614,1440.0
0.007003390093680454,0.03471287718027018,1.851623034584638,1440.0
0.009094021327428474,0.032384476429112526,2.070161916421361,1440.0
0.010360266555601839,0.031673000832986256,2.0001865230381677,1440.0
0.009590337512415439,0.0323222953093083,2.0542412336765543,1445.0
0.010261212132973672,0.03131731646257447,2.0803482527242094,1445.0
0.009302685950413227,0.031725206611570245,2.0447019927061323,1445.0
0.008793603018800123,0.03251274679364794,2.0303050564973018,1450.0
0.010716287192586901,0.029920238762397525,2.0584533102621996,1450.0
0.00773973501246229,0.03341391653079965,1.9583098129594552,1460.0
0.006782174050981232,0.03497432809535834,1.9062972561934608,1472.0
0.007450684401928617,0.0380943853771114,1.6890804693913075,1474.0
0.009035008299381322,0.03270081987827574,2.055542140462845,1474.0
0.007449060855039533,0.034135863618411255,1.959574650010766,1474.0
0.00816878839792061,0.034255375708884685,2.0265631155834583,1474.0
0.007336398100907034,0.033843094529478444,1.9320457461218894,1474.0
0.009732734832498853,0.03340121614703642,1.9511169015240988,1474.0
0.007169481367148055,0.034560471588903206,1.980656205058259,1474.0
0.007686142136610672,0.0333283373952482,1.961713314929471,1474.0
0.009732734832498853,0.03340121614703642,1.9511169015240988,1474.0
0.009289319349379412,0.03208087967847728,2.0706986192232217,1474.0
0.010357418842809512,0.03212174796889467,1.9531296511659546,1474.0
0.008148942990165543,0.033626481705010675,2.021982713801515,1474.0
0.009218286859564504,0.031679937699593715,2.017835247415688,1474.0
0.009325396825396827,0.03304988662131518,2.0411408270247233,1474.0
0.008247387473533235,0.033226628944755504,2.020353742261229,1474.0
0.009131171471925346,0.03316336479506276,1.9767575480241926,1474.0
0.008005919259366785,0.033449057273269786,2.0121852718641087,1474.0
0.008644738147193022,0.03253322753421939,2.030802220419128,1474.0
0.009593089790922393,0.031356665903730756,2.0515921359260796,1474.0
0.011058557255281546,0.03117010615688915,2.122482520211695,1474.0
0.0075078957020067155,0.03433739234402498,1.9937325759037403,1474.0
0.008398112990725357,0.032835625260355564,2.026738056210052,1474.0
0.009353168925174652,0.030138719383890254,2.033761357722483,1474.0
0.009584760531218078,0.03105282134487111,1.9914288193544818,1474.0
0.010956607495069031,0.03196416831032216,2.090839552613531,1474.0
0.007199200593498768,0.03386500931126891,1.960794689092965,1474.0
0.010139199175116,0.0328117920917371,2.0346545297962324,1474.0
0.008771689372550101,0.031057262684685186,1.9383951137839213,1474.0
0.009544089265066686,0.031392787021165734,2.0489347413817365,1474.0
0.008519538822569126,0.032885674931129476,1.9412371260365373,1474.0
0.00870932000309207,0.03312375995258832,2.0397588112285088,1474.0
0.008654336734693888,0.03317920918367347,1.9976361197681902,1474.0
0.008663709816776553,0.031553550576271544,2.0225368127557775,1474.0
0.00519748437750361,0.036142044544143576,1.8576361942584207,1474.0
0.011637564680053492,0.02914789826163272,2.033074348006034,1474.0
0.008493750000000003,0.033400000000000006,1.9784954065431613,1474.0
0.009642496422860036,0.03269926773840587,2.0286085402511556,1474.0
0.007687553117515263,0.0340669529033896,1.9618167493725314,1474.0
0.009200780039965016,0.03291897053984866,2.0521112600413334,1474.0
0.010380283749195187,0.03259197573401138,1.9473698834238684,1474.0
0.010744139865018985,0.03102819036884971,2.066603349820419,1474.0
0.008174731621229421,0.03301884819819254,1.9803816751096779,1474.0
0.008902479338842981,0.032166942148760334,1.9905182630539349,1474.0
0.011509530560806558,0.03132876496534342,1.9792128516049752,1474.0
0.012168093283256182,0.029058214691239412,1.9834985887027254,1474.0
0.010777851434438351,0.03208731073503705,2.074408639874588,1474.0
0.010251043218076187,0.032188812408592636,1.9571971389583254,1474.0
0.013058409951325047,0.026637371552190377,2.024261663854181,1475.0
0.009530277522701767,0.03182710947862463,2.0194076438587483,1475.0
0.008442654145784524,0.032665563141653184,1.9622492105983476,1475.0
0.00960693164260217,0.03215741382066173,1.9973299725487785,1475.0
0.011230656478277588,0.029479346885813145,2.003545496654353,1475.0
0.009113264197167022,0.03285195896037872,1.9574868730599158,1475.0
0.008223453990649759,0.0321642031298116,1.9684140621332293,1475.0
0.010360032466695876,0.03196262464892164,2.0004246997910515,1475.0
0.01208808489324279,0.027825018346165936,1.9994637816698446,1475.0
0.00965593992275248,0.03315985373472117,1.9934213410618737,1475.0
0.010339207812809847,0.031242770506973362,1.9631197227955706,1475.0
0.011491851991775714,0.029647779368066205,2.0779277533018212,1475.0
0.010977907703686753,0.0316855832137291,2.0178729781558404,1475.0
0.011307337805531082,0.03135844060564408,2.0042990285559847,1475.0
0.01067459109504117,0.03129431505171172,2.0136092257572336,1475.0
0.009667408313560649,0.03045952003678131,2.0595519874352135,1475.0
0.0105177212056819,0.028915055327831743,1.9729514353564273,1475.0
0.011923819130739885,0.029582035875619493,1.998243804525845,1475.0
0.010287814670138897,0.03075154622395834,1.9940691207264392,1475.0
0.010866026130558076,0.029940031138816367,1.994622017128155,1480.0
0.00886981335514575,0.031317389202855435,1.890419811705988,1480.0
0.010801676812927036,0.028912610513368804,1.9901050155309241,1480.0
0.01067459109504117,0.03129431505171172,2.0136092257572336,1480.0
0.010684274558623811,0.029842406066093247,2.030157760266353,1480.0
0.009747164461247645,0.03137471119512708,1.9303145184178307,1485.0
0.00707100591715977,0.0334319526627219,1.9208876433672752,1485.0
0.012869853823882508,0.03094767318692183,1.8606910184670897,1485.0
0.00978436813504452,0.03144872239565268,1.9324205344442948,1485.0
0.007397299626544101,0.03237216317150244,1.8513198114363103,1485.0
0.0071553048204158805,0.032667769376181474,1.9235583044602624,1485.0
0.0070730800432666375,0.032035897782585185,1.9251827158640056,1485.0
0.009132000000000006,0.03231200000000001,1.9191796607862088,1485.0
0.010910948741636575,0.03125612384871644,1.9049391615065223,1485.0
0.009163237311385464,0.031838134430727014,1.8935841570198648,1485.0
0.010818488615489777,0.029785552565252674,1.894412223465466,1485.0
0.009520052596975678,0.0315318869165023,1.9602526174119146,1485.0
0.009002685546875007,0.03038406372070313,1.9321609233566832,1485.0
0.009130811350391224,0.03135596952481614,1.9161225566772158,1485.0
0.009751237773215805,0.03254437869822486,1.9244074320010178,1485.0
0.007613291055621618,0.028413594926674605,1.9242398707013826,1485.0
0.008495370370370372,0.03238425925925925,1.9379747166011043,1485.0
0.007696280991735541,0.0327995867768595,1.927514750139868,1485.0
0.009138695987654329,0.03144290123456791,1.9332820473403705,1485.0
0.010216049382716055,0.0317283950617284,1.9053810752741305,1485.0
0.009041815299246938,0.030956863522261867,1.908447048070803,1485.0
0.008836291913214996,0.029572649572649577,1.8875780150019819,1485.0
0.009081790123456798,0.032322530864197535,1.9035213197759262,1485.0
0.01034057706355004,0.03346420745069394,1.8820302691616555,1485.0
0.01060258937609889,0.030182748148542816,1.8790831501850087,1485.0
0.01043833511365979,0.03161016472704785,1.9278067809297013,1485.0
0.012819560047562439,0.030618311533888234,1.865407761097189,1485.0
0.008700253618352055,0.03189298449686315,1.9387039574516822,1485.0
0.008163265306122455,0.03282312925170068,1.9045284860128586,1485.0
0.009500019289379276,0.03152849041317851,1.9490353501776645,1485.0
0.00878445312044753,0.03340423052269681,1.934503597272163,1485.0
0.00795354121954299,0.03159323317762909,1.8622225835429058,1485.0
0.007603361094586561,0.03177052349791791,1.925461689585393,1485.0
0.008471609605825114,0.03271371560596514,1.9216612113196416,1485.0
0.010301179295247515,0.03186127392133324,1.9210260816829827,1485.0
0.010245746691871463,0.03226843100189036,1.895631704627747,1485.0
0.009132000000000006,0.03231200000000001,1.9191796607862088,1485.0
0.008196721311475417,0.03196572008719281,1.9302588640592908,1485.0
0.011989188653045034,0.03178932751438208,1.9324067810288845,1485.0
0.012293940744040999,0.03031020271775451,1.9116430928396353,1485.0
0.005825273708066013,0.0342653771266239,1.904173484395045,1485.0
0.008643444956265208,0.032451736452564564,1.9311604815802739,1485.0
0.010164221938775518,0.031090561224489797,1.966380528284851,1485.0
0.00895555555555556,0.031488888888888886,1.9322408990340332,1485.0
0.007388655121177696,0.03362821361235625,1.9107925138491562,1485.0
0.009779188368055566,0.032090928819444454,1.8694279062409227,1486.0
0.010227059485832243,0.030962657158941642,1.939550511728844,1486.0
0.009259259259259264,0.029135802469135812,1.906791215979953,1486.0
0.008640462500392757,0.03317937600150815,1.9165622124148274,1486.0
0.010440771349862266,0.026501377410468315,1.789794963346986,1486.0
0.005948839976204642,0.035098155859607384,1.8444881624088811,1486.0
0.01044963882801721,0.03132862592322051,2.010146928663471,1486.0
0.013634002770083113,0.03094702216066482,1.8523469605873804,1486.0
0.010321180555555563,0.031961805555555556,1.877719145827093,1486.0
0.008940972222222229,0.033663194444444454,1.8971210310072268,1486.0
0.011355371900826458,0.03129586776859505,1.9471671302497762,1486.0
0.015782312925170083,0.022743764172335604,1.6690978912250185,1486.0
0.011201171875000006,0.03131184895833333,1.9139775512761632,1486.0
0.009030612244897963,0.03253507653061225,1.93160077732907,1486.0
0.006855867346938781,0.03125000000000001,1.9037526741131965,1486.0
0.009368836291913218,0.032051282051282055,1.892219531011534,1486.0
0.008887265644022408,0.03177501826150475,1.9317800136069712,1486.0
0.011005327976242471,0.032491920691763466,1.890790479474012,1486.0
0.00892249527410208,0.031899810964083175,1.9287842543928506,1486.0
0.008576520383158835,0.03372131877923813,1.8996786928608809,1486.0
0.008377425044091712,0.0335726883345931,1.8578577475143692,1486.0
0.011349437734277393,0.03227821740941274,1.8090477702763157,1486.0
0.0063905664306539,0.03497240733027905,1.8997560548113894,1486.0
0.0070239334027055195,0.0315426638917794,1.8511420177837568,1486.0
0.011368328048619375,0.03154932950191571,1.9288063197983962,1486.0
0.007933884297520668,0.03239669421487603,1.9068475669377536,1486.0
0.009368836291913218,0.032051282051282055,1.892219531011534,1486.0
0.009131807086945552,0.03313294335493645,1.9491821697780718,1497.0
0.008821591981342029,0.03332354145525112,1.9619895027973213,1497.0
0.009339259259259273,0.03255486419753086,1.9836185112078024,1497.0
0.010848756972180894,0.02961164626134475,2.045158804705532,1497.0
0.008548024838155636,0.03373629277315365,2.0124216224511198,1497.0
0.008450562646366842,0.03372210540042708,2.007886681755295,1497.0
0.010135135135135136,0.03259171333495658,2.009192524782518,1497.0
0.0089780443639656,0.03292949298325034,1.9812543766097976,1497.0
0.009158720240920766,0.03278880354316018,2.027056799765152,1497.0
0.006128606480749812,0.03518403063315485,1.9184698295382119,1497.0
0.008754108838568305,0.03287070854638423,2.008049356400722,1497.0
0.008691237789943485,0.03338179412389359,1.9449141016950742,1497.0
0.009144487512815018,0.03248190164946899,2.014008488095896,1497.0
0.008765034635192431,0.032669021384420474,2.009857518748412,1497.0
0.007817551523845234,0.03301166587879875,1.943415505601186,1497.0
0.009650276858130094,0.03245312206335209,1.951998790596803,1497.0
0.009266628986000017,0.032902783880034175,2.000970866199981,1497.0
0.009536720696122922,0.03251198656985456,1.9761975168863888,1497.0
0.009050891577104965,0.03218966772906888,2.0113226517693583,1497.0
0.009533109485845794,0.0322654835173813,2.0094525009387287,1497.0
0.00842847668605245,0.03270686664626059,1.9870608197550577,1497.0
0.00836339261602562,0.033372458624281474,1.964569356875946,1497.0
0.008338702478216156,0.03271468493469696,1.9789668801384277,1497.0
0.009296389605269916,0.03245547671223347,1.9572248043576241,1497.0
0.008922669217871663,0.03235155159559995,2.045283333237043,1497.0
0.009863442247518155,0.031448670556938244,2.037124187578078,1497.0
0.009338207981704488,0.03220147036507748,2.034269459593324,1497.0
0.010134151579177977,0.031333502440036784,2.0147959158257414,1497.0
0.01006058029546179,0.0311744074821979,1.939879506785428,1497.0
0.008820313992777832,0.03242661126281598,1.9911107495781633,1497.0
0.008126597427887551,0.03252921010994361,1.9999565447379322,1497.0
0.009153380740860311,0.03175362690641386,2.0347022200382128,1497.0
0.008680183321490958,0.031209547177184174,1.9639949386583564,1497.0
0.010039219769540473,0.03044738303484659,1.987450685921163,1497.0
0.008656433476377194,0.03270559640237154,1.9432778535380446,1497.0
0.009321441798361675,0.031669770209883576,1.972130715160576,1497.0
0.00895394922674953,0.03213711955370383,2.0127885330487802,1497.0
0.009648311324733018,0.0306935524110843,2.0148941165139953,1497.0
0.009085927068151124,0.032737031109215754,1.9823596943623196,1497.0
0.011139330054575198,0.030835934249560566,2.029105284440202,1497.0
0.00910636890942938,0.0327742598595548,1.9903124209605003,1497.0
0.009154672806286332,0.03201977424786868,2.0109308361858758,1497.0
0.009032462568856326,0.03210463733650416,1.9682318371679297,1497.0
0.00989462737459438,0.031641628498512715,2.023336933724421,1497.0
0.00885865595325055,0.03312819576333091,2.0132645126964026,1497.0
0.00967300000000001,0.03190200000000001,1.9352663827704546,1497.0
0.009710163330740788,0.031874494055649905,1.9360498382153533,1497.0
0.00971806719398544,0.03201425326963741,2.010998339633209,1497.0
0.01084147538038447,0.03183949226793439,1.9370228040355812,1497.0
0.009674274968514402,0.031550299328882224,2.044463413556178,1497.0
0.010397295012679632,0.03147808235720324,1.995738909928121,1497.0
0.010121173469387758,0.03229272959183674,2.055855038391724,1497.0
0.010508210496831346,0.03243496376177304,1.978754376914829,1497.0
0.009384162931785964,0.03230635120499432,2.0081056805233177,1497.0
0.010567498329249282,0.032019241479171304,1.9844915353360728,1497.0
0.009947496627556026,0.03310575402024436,1.9868132461190253,1497.0
0.010417388335888515,0.031762827460901366,1.9476815790812314,1506.0
0.010444489795918374,0.03161110204081633,2.006757894253933,1506.0
0.009753716213310868,0.0321593677169959,1.976195880585029,1506.0
0.010425902787418829,0.03161599333610996,1.9745241791501695,1506.0
0.010445737463786764,0.031882857853939,1.9545485812271,1506.0
0.00850677490234375,0.033504486083984375,1.9647015662309684,1517.0
0.008618170551539578,0.03333706952913583,1.9216765286608501,1517.0
0.008615900559834213,0.03381179374709007,1.965692181593713,1517.0
0.009121590122009703,0.03268271484895306,1.9624358272807103,1517.0
0.008046376424203954,0.03382271375588893,1.968512361393179,1555.0
0.008820077935111637,0.03321103907805432,1.9929077988625812,1555.0
0.008598202256228765,0.03435922701039635,1.9126642210063987,1555.0
0.007907934652316912,0.03471453144513302,1.9302423246531932,1555.0
0.008808707179530348,0.032937305361501565,2.004630271351023,1555.0
0.009248303921455547,0.032712440326213954,1.9809570784252333,1555.0
0.008663003281032387,0.03367811600267865,1.9706954592999566,1555.0
0.011375700696449803,0.031096817442791615,2.087143076231567,1572.0
0.011338873135895829,0.0287590579710145,1.9745028364898238,1577.0
0.011083865679235687,0.03113516874894001,1.9589341750896556,1577.0
0.012011115933641977,0.03040907118055556,2.0737413331244485,1577.0
0.012389072673808031,0.030354048519218652,1.973204686357984,1577.0
0.009519085411942562,0.031344482237339384,2.027980728851048,1577.0
0.010620010488899254,0.03109521589650953,2.00922450794146,1577.0
0.009578970817554027,0.031267403653374916,2.002374971823132,1577.0
0.01142452400874914,0.030765109144023133,1.996085452399389,1577.0
0.011175373340250112,0.031566980496904005,1.9393239929532522,1577.0
0.011068239795918373,0.030742984693877554,2.087707329917196,1577.0
0.009903280371264584,0.03187844265494658,2.0331577111815964,1577.0
0.011384688090737241,0.030798676748582225,2.014410938991737,1577.0
0.009592117507789443,0.033325513400584754,2.001092284586814,1581.0
0.011927974970806622,0.030295936428198975,2.154161874968422,1582.0
0.010503255908918232,0.03167879717971848,1.9710504362368113,1583.0
0.011718345686592696,0.031502565676944,2.06673352516614,1585.0
0.011751446375464337,0.030769724933585763,2.0701865157365376,1585.0
0.010701521601725165,0.031197134332242707,2.1018754670349895,1585.0
0.010061085159899393,0.03352262963020825,2.034205382253973,1585.0
0.010532347623966938,0.03344793818870524,2.004844899946391,1585.0
0.010337777777777779,0.031683555555555555,2.0721276816206715,1585.0
0.01268500606671093,0.029254710285936673,2.081326672867149,1585.0
0.01053728361436498,0.03226096098230753,2.0545296231244126,1585.0
0.010540453047910969,0.0319020554344441,2.030992510871152,1585.0
0.010044596000354532,0.03192042692740088,2.0496522827619423,1585.0
0.010589918436979172,0.03071518822424668,2.035001897522905,1585.0
0.010619708513644903,0.030965220990348274,2.0617446083491475,1585.0
0.010973211193406227,0.03195052125533408,2.0644260913232317,1585.0
0.011252929511447634,0.03190373174689021,2.071629148561147,1585.0
0.011812553311454557,0.030713497014558545,2.0857459984562228,1585.0
0.011062068813507025,0.03125895435209063,2.0646441412063226,1585.0
0.009955680135943792,0.0324404203415275,2.020043805147757,1585.0
0.010231921110299495,0.033215850986121245,1.9621588760738848,1585.0
0.0116565518828088,0.030842374911969114,2.0783710642584023,1585.0
0.009346543327578657,0.033409776082867375,1.9392991933076251,1585.0
0.01185404002458849,0.03190970562120074,1.977475821034644,1585.0
0.0107415994218957,0.032530803428828775,1.9931234359161458,1585.0
0.010308035038779672,0.032116634131798424,2.0113598423823684,1585.0
0.010826332842167684,0.031579359272385775,2.0711251060000677,1585.0
0.010677913839240473,0.031153978018850226,2.068414403522589,1585.0
0.011439315757040297,0.031106846141852714,2.059575044815691,1585.0
0.00913499275449825,0.03302778951817413,1.9786141184064177,1589.0
0.011744697031363428,0.030788049629296765,2.076106996749246,1592.0
0.012782982191466829,0.02882819042710816,2.205575317909195,1603.0
0.012480965929772624,0.028995107258123227,2.2118579328843966,1603.0
0.011391966759002774,0.03034106648199446,2.086419251342837,1603.0
0.009247644306585524,0.03243477042578426,2.017268415356611,1603.0
0.010995884453162847,0.0306366076795958,2.129799032103612,1603.0
0.013507656865636968,0.028713040153845903,2.1582987674738416,1603.0
0.009944969115502304,0.031542669936229235,2.0550093839751455,1603.0
0.0111011394400789,0.030626377975012727,2.108726933314448,1603.0
0.010624353711421116,0.031195060834578302,2.0494451073620765,1603.0
0.010515489755000251,0.03134169152525795,2.0557197755555543,1603.0
0.010211504194268325,0.03155025130090397,2.077236812658215,1603.0
0.009842972577718477,0.03182761193880552,2.058638738099751,1603.0
0.013920648600338346,0.028175811548405632,2.2208030110943016,1603.0
0.017991180334021393,0.023757584287233378,2.3698048367254776,1603.0
0.010261649408284026,0.03214774408284023,2.057384295058503,1603.0
0.01050339713091119,0.031132482098231447,2.1052843268247323,1603.0
0.01122854790808459,0.03037455547108057,2.115393808530947,1603.0
0.011752709232176351,0.0297293770382757,2.1039246008866614,1605.0
0.009805711162182013,0.03219959941268473,2.0345131586244163,1607.0
0.012376860729857494,0.02945080877575012,2.2102125773967236,1607.0
0.010580989850839237,0.03102812053415578,2.118342614151201,1607.0
0.011822026258420892,0.03013899588585291,2.188428799887888,1607.0
0.00986737844063601,0.03213277629283559,2.087432242914411,1607.0
0.010712559257262562,0.03103260318173951,2.067257859999911,1607.0
0.01294737234552286,0.028414763304662652,2.1993441826198055,1607.0
0.010397697710718008,0.031368330153775006,2.1297568550442847,1607.0
0.013143152255737823,0.02898914390309849,2.1649655748333076,1607.0
0.010191834457880883,0.03154319702714448,2.118370570068389,1607.0
0.013318771685536891,0.028481527346603364,2.2133465063868414,1611.0
0.012847112685740176,0.029007282659397494,2.1828376563275818,1611.0
0.012575423362860784,0.029149111647973732,2.1879052726120602,1611.0
0.010248184204101568,0.03128242492675781,2.0892417706714785,1611.0
0.015087043506823139,0.026509637492908123,2.277559688363562,1611.0
0.010727830852851679,0.030895386379808928,2.0695606370810187,1611.0
0.01696661487476209,0.024882356118593928,2.3413199456707123,1611.0
0.014328159710581679,0.027669917219579954,2.2372523258220873,1611.0
0.013032370946842438,0.028427386503829116,2.2239444209937616,1611.0
0.014775123933071465,0.02718808071696849,2.240435447760658,1613.0
0.010509725549179397,0.03185522451107925,2.0550467643464843,1620.0
0.014626174671343495,0.027079033199693615,2.1688499170859927,1623.0
0.012044694090750813,0.03007388454026557,2.1444876884678297,1623.0
0.0136674242355096,0.028258991186036392,2.171048530501039,1623.0
0.013344770368703778,0.028441200995128493,2.1308823792092766,1623.0
0.009707701464727504,0.032366013663889026,2.0901602713274343,1635.0
0.011338908191097102,0.03090584313034313,2.027497665102666,1635.0
0.014765505150120537,0.02625739644970414,2.2093876897992124,1635.0
0.01251235788433021,0.029895046253795635,2.079947820336154,1635.0
0.015301724763400078,0.026166021899822686,2.28615406885586,1635.0
0.011408143703264062,0.03035139832127495,2.1521473892628764,1635.0
0.011078626533587675,0.030556776701350014,2.0988539052914357,1635.0
0.014272473057466933,0.027303861501241086,2.2470858855502103,1635.0
0.013977465986394563,0.027449796469513732,2.2257019865581804,1635.0
0.01265878547274837,0.02918750901759629,2.1905713685649313,1635.0
0.012869165548734152,0.028799703940629525,2.1713240726995515,1635.0
0.012427659596896613,0.029377582644628097,2.153163685657738,1641.0
0.011794660595011327,0.029895484368799605,2.1763045375230416,1641.0
0.010648268021805674,0.03128833232639461,2.094732403491981,1648.0
0.010489370405272591,0.031123691381964223,2.1092254761663245,1648.0
0.009669942050894434,0.032290249433106565,2.0698793295848383,1681.0
0.009826683353237426,0.03237223880454608,2.0126807565059077,1681.0
0.012265537981733129,0.030064045444419693,2.0866900716880608,1681.0
0.012140659235401882,0.030094227798996658,2.0081507861433776,1681.0
0.010280273554306302,0.03152769666992662,2.0194525567051542,1681.0
0.014049666946905516,0.02753346698570781,2.170527741859425,1681.0
0.010217297904686366,0.03212043096040716,1.9834276946757472,1681.0
0.014854570637119112,0.028649584487534626,2.126081708317997,1681.0
0.013676313117094652,0.02849255464618231,2.174949832354517,1681.0
0.012194640828178258,0.03009799899002651,2.054449987660218,1681.0
0.014997389398372637,0.026963508441806845,2.1603698211807303,1681.0
0.010737166549587259,0.03190845875691783,2.007868289060764,1681.0
0.011000106281220114,0.030303432883409507,2.002702830166318,1681.0
0.011204948559609287,0.030882168327544673,2.068179832967259,1681.0
0.014342982090795502,0.028672948771345276,2.2337354631939585,1681.0
0.012609519000126248,0.0286201237217523,2.1124502917292722,1681.0
0.01245840435029624,0.030529685090495914,2.045300350692938,1681.0
0.01330177514792899,0.029796449704142018,2.0839309926044622,1681.0
0.009058672051446224,0.03679403921789361,1.7706742639875972,1681.0
0.010790266617969326,0.031708363769174575,2.018551552541126,1681.0
0.01041731250129167,0.031425021183375694,2.057600348837279,1681.0
0.014016505730228206,0.02855090380567343,2.1048895328076997,1681.0
0.011937047994740305,0.03071581196581197,2.0365856634571133,1681.0
0.012712242813932996,0.02982724188853555,2.0874612993812676,1681.0
0.014499803506215918,0.027295862128459015,2.2653098770359406,1681.0
0.0132755207842398,0.028685078706758408,2.1324910861007216,1681.0
0.014875509280217294,0.028347668628338617,2.159179595398812,1681.0
0.013453187565741551,0.0282675682933234,2.1054957629306763,1681.0
0.01051181254094886,0.03203324726044116,2.0006048499850753,1681.0
0.009968758977305373,0.03238149956908934,2.0137977367608237,1681.0
0.010323609046639546,0.03280695564263871,1.9704889884730343,1681.0
0.01311864467572528,0.028546278417752164,2.1060671601602268,1681.0
0.013075171406648352,0.027585950842800924,2.0513136344418097,1681.0
0.013098862361801,0.028936483350840023,2.1564078502383697,1681.0
0.013913032504755991,0.02806583609122659,2.136000342003761,1681.0
0.011604338419739952,0.03011773246411604,2.123044856842029,1681.0
0.010496885915078065,0.03248397368457967,1.9869346231896863,1681.0
0.011666619906667043,0.03077275575381795,2.0406890910914983,1681.0
0.013504962531887758,0.027742346938775506,2.1042955495450295,1681.0
0.010173930203905298,0.03142451023793395,2.0119844920459142,1681.0
0.013296670630202144,0.02893876337693222,2.140814938157202,1681.0
0.014023243003015157,0.028231440060249777,2.19362148669769,1681.0
0.011975818794000616,0.029308233853688397,1.9956415971213743,1681.0
0.011701086320448577,0.03193792758572994,2.106741691732231,1681.0
0.014730152606310016,0.029454946844993137,2.181475999739169,1681.0
0.0115919947644069,0.0301351497589188,2.1283954406557157,1681.0
0.012016070124178239,0.03077246165084002,2.0959988607883533,1681.0
0.011948202207191169,0.029691171235315054,2.100769391377416,1689.0
0.013758417536230928,0.028445324839249015,2.211123359566899,1689.0
0.013758417536230928,0.028445324839249015,2.211123359566899,1689.0
0.010566042946721664,0.03135553878040569,2.0309003866847446,1689.0
0.010747549708588676,0.03157502670489684,2.0230976081903607,1689.0
0.011964699959062875,0.030012328193449123,2.077261976006331,1689.0
0.011238154906413975,0.031112677404477863,2.0107471237985335,1689.0
0.011441600950506127,0.02965089867092221,2.063555557436871,1689.0
0.011618655929642663,0.029663419227522993,2.029302653773991,1689.0
0.013808045005202907,0.02941678590010406,2.1215168935364055,1689.0
0.01268212713441028,0.029933550074600756,2.111798285138577,1689.0
0.012910383680151507,0.029702910704684258,2.0867570750236295,1689.0
0.012658796512035188,0.0300620718852127,2.072151605586481,1689.0
0.012228104912764003,0.030227703168044077,2.130445305393457,1689.0
0.012228104912764003,0.030227703168044077,2.130445305393457,1689.0
0.011948202207191169,0.029691171235315054,2.100769391377416,1689.0
0.0037582766542047664,0.033469776136210085,1.444112557212516,1689.0
0.012427907035765729,0.028998978484731208,2.0236888768617054,1689.0
0.014438330358913344,0.028046301804481467,2.1578954045297283,1689.0
0.014125459821049187,0.027422331216841282,2.224559076833031,1689.0
0.012577063495050625,0.029249124920019572,2.1068043236298877,1689.0
0.01376088877666962,0.026858982451710645,1.9899149452911227,1689.0
0.01378585992468237,0.02884394447682786,2.2002715734307223,1689.0
0.014643842113212971,0.028047096898901377,2.1349837024512803,1689.0
0.013715758694983074,0.028787703908895047,2.0905401225333113,1689.0
0.010128856200253382,0.03207310354584996,1.98753711536541,1689.0
0.011382307598685552,0.030893748225080123,2.0347329768450892,1689.0
0.009273291362473346,0.032634225386380514,1.965872468655184,1689.0
0.010353000381490415,0.03204925284697365,1.9911609562607633,1689.0
0.011845123754508646,0.030313290308315255,2.089983937602985,1689.0
0.011845123754508646,0.030313290308315255,2.089983937602985,1689.0
0.010409580963464412,0.03162776188759036,2.0597409196310266,1689.0
0.011221704994345102,0.03127919651199003,2.02013241140002,1689.0
0.010192625057489928,0.03326975624272921,1.9372817913566478,1689.0
0.01129841402940624,0.030920643640937412,2.101933165054485,1689.0
0.01140562547326247,0.030683582704712976,2.0836860749464723,1689.0
0.011669721891927602,0.029968043995243755,2.078224369394639,1689.0
0.010126465613208232,0.03179079500932498,2.0286886011677234,1689.0
0.010416574945627768,0.032546293442752866,2.0372561285767596,1689.0
0.010429647524035619,0.03262560828732743,1.9904981426053487,1689.0
0.010297532278217414,0.03192471886713869,2.0424234375495263,1689.0
0.010810618316494209,0.031706907603553,2.031138370502344,1689.0
0.009877907233933196,0.03224894201014911,1.9644843396572764,1689.0
0.011245288633207697,0.03177692918071811,2.0418458476611963,1689.0
0.003772112382934444,0.031081989247311835,1.3895773439301744,1689.0
0.012825718522703205,0.02892186286279218,2.159907214923278,1689.0
0.014348958333333333,0.029097222222222226,2.1994619784431984,1689.0
0.010895632396337828,0.03163494302946296,2.0083715036342458,1689.0
0.009149339463975698,0.03318998548719617,1.9596274431847616,1689.0
0.01220297467235676,0.030213883487790718,2.1339286552091763,1689.0
0.011280045882030684,0.03128994704163623,2.0263602116419293,1689.0
0.013159690695342044,0.0283286945547267,2.1093124898996813,1689.0
0.013188230460189927,0.02912139335281227,2.1009817194453113,1689.0
0.01181590063332101,0.030390451645710057,2.1020402234209863,1689.0
0.01372265453889562,0.028566183101857812,2.1525445512985066,1689.0
0.014357805996357964,0.02767909404266389,2.11789651171676,1694.0
0.012912326388888892,0.026150173611111115,2.030867312744386,1694.0
0.013212932644025548,0.028739470922908003,2.2026119044977506,1694.0
0.013588986968250156,0.028764200048125025,2.1160309845965317,1694.0
0.011791648142595717,0.030163434000889153,2.0933602248605534,1694.0
0.010485735532720399,0.03250033802055165,1.9580796173524386,1694.0
0.00829119571683522,0.033982748364069,1.726781184189873,1694.0
0.010735514542233798,0.031419703553422454,2.085040682066878,1694.0
0.012726949092203633,0.02589889640441438,2.0185915196593354,1694.0
0.010850640621822316,0.03170619193357175,1.9898623075631487,1694.0
0.01170822786563966,0.030490316082975245,2.0928292862307476,1694.0
0.01170822786563966,0.030490316082975245,2.0928292862307476,1694.0
0.01070639340353736,0.03210268007167894,1.9733666333015338,1694.0
0.012253863581941093,0.029588176241964304,2.113185459796283,1694.0
0.012253863581941093,0.029588176241964304,2.113185459796283,1694.0
0.011938195516107702,0.029902999166099554,2.1347920602467427,1694.0
0.010284732749767716,0.0316335762139958,2.0439657579841337,1694.0
0.010284732749767716,0.0316335762139958,2.0439657579841337,1694.0
0.012026383654036908,0.02913608411029558,2.102106043626243,1694.0
0.012603080447865418,0.03032389426358779,2.0915293000070196,1694.0
0.011068117071385528,0.0310724392606217,2.058898755810002,1694.0
0.010180382543556946,0.032058801868529586,2.015991488494486,1694.0
0.011752071005917169,0.03033609467455621,2.0935885999965205,1694.0
0.018182938856015782,0.023586456278763976,2.3446012303011776,1694.0
0.013635734072022164,0.02667590027700831,2.0698650632499738,1694.0
0.010707804153959995,0.03154045274095446,2.0577500246386746,1694.0
0.012106897111291749,0.029882024159090796,2.1117110131580117,1694.0
0.014462809917355383,0.02318640955004591,1.7330729330981727,1694.0
0.013825119885725948,0.027777777777777766,2.1130427349160135,1694.0
0.013434319526627221,0.029114792899408284,2.0408606865558716,1694.0
0.012182314639781559,0.030064230722355766,2.111648023147493,1694.0
0.012157864040798614,0.030527750651041675,2.068180779959156,1694.0
0.013037218424423819,0.029308233853688404,2.0832297949783545,1694.0
0.0139663988312637,0.028889700511322138,2.2033325738959393,1694.0
0.014452065233958243,0.027852461515012958,2.163016852277053,1694.0
0.013624415237246607,0.02875473379371797,2.174642861853882,1694.0
0.01253623405974321,0.02903091973098087,2.110136812257324,1694.0
0.010463297750229571,0.028742682506887048,1.9561548208372046,1694.0
0.011684876864377391,0.03073693490576945,2.0570798013466183,1694.0
0.010221245664609704,0.03187778703661997,2.0397387964195683,1694.0
0.01094777960526316,0.032751363400277005,1.9812103933997949,1694.0
0.012298557187376252,0.03002057471462268,2.1133651044445894,1694.0
0.010379367404513892,0.03252156575520833,2.003075136958702,1694.0
0.013891101362611508,0.028155940594059407,2.1859648892903545,1694.0
0.013037218424423819,0.029308233853688404,2.0832297949783545,1694.0
0.009969273705537443,0.03241020273987307,1.9953309822969112,1694.0
0.010854741122793103,0.032318581382662165,2.0072381597418825,1694.0
0.010744205191115705,0.032252792484504134,2.004606355745591,1694.0
0.012539062500000003,0.030273437499999993,2.0861179189111585,1694.0
0.013375541377703463,0.02868959184232888,2.155935772844658,1694.0
0.013639977810650877,0.028139792899408284,2.157430547864981,1694.0
0.01339972549395129,0.028659708257524986,2.131405057909667,1694.0
0.013615238758286206,0.02855426263829872,2.1669956897782012,1694.0
0.009845050088018142,0.03241948556882512,2.0082720335690594,1694.0
0.010907098744936589,0.03257641156904056,1.9940064668148914,1700.0
0.012676527879230591,0.029629291453615775,2.0640094088763004,1700.0
0.013728195087219659,0.028146137415450342,2.1761353611694094,1700.0
0.01294581618655693,0.028263603109282123,2.1308257819945076,1700.0
0.012969856309870891,0.029265149937526026,2.1403920749004812,1700.0
0.012945777777777782,0.02819022222222222,2.138226490467573,1700.0
0.015485184189833478,0.02639009160553548,2.224194862162484,1700.0
0.01002685932760904,0.031603096031440896,2.0511344233208737,1700.0
0.010953190800129579,0.030652737285390346,2.0796406838553745,1700.0
0.013255315075897485,0.028971104905184456,2.140562980195009,1700.0
0.013044564764681382,0.029852376324679533,2.0445676719313206,1700.0
0.009461208604460727,0.03268057304370031,1.946570956522374,1700.0
0.012191346805531782,0.029635279743157387,2.0616594343476655,1700.0
0.015218522372528614,0.026903399236906003,2.1538960836508076,1700.0
0.012007496876301548,0.029741774260724704,2.111258462985433,1700.0
0.013249903549382717,0.031467013888888895,1.896564750591493,1700.0
0.010758749278848165,0.0313537308981859,2.047014222118559,1700.0
0.011432953511167125,0.03103521960839226,2.049388019744902,1700.0
0.010885416666666668,0.031432291666666674,2.035677711119382,1700.0
0.012943330113878847,0.02865501673367624,2.140408623609512,1700.0
0.010570409225084417,0.031307736414024505,2.0267319734742584,1700.0
0.014003565396884968,0.027326890598611372,2.162248028462931,1700.0
0.011856557280915746,0.03047153546631638,2.094825358050735,1700.0
0.013387279109894692,0.028317282764834386,2.068636939446518,1700.0
0.012240972222222224,0.028929166666666662,2.0937594373857755,1700.0
0.013745994265474787,0.028419632315736208,2.1530087408064893,1700.0
0.011956360946745565,0.031053994082840233,2.0701434094356483,1700.0
0.013992000000000001,0.028395999999999998,2.2182169717496634,1700.0
0.015354671280276818,0.030276816608996542,1.9761755896363808,1700.0
0.012266457611508269,0.029919192140695577,2.093263449862234,1700.0
0.01105905083927062,0.030906895302499696,2.0635312173926015,1700.0
0.011401324217861386,0.031037104440799327,2.043176714454269,1700.0
0.011978358070957543,0.030150101970362744,2.080678001316673,1700.0
0.013584482310093656,0.027591701352757545,2.1520519593502168,1700.0
0.012182486413220565,0.02980457193499199,2.1066283265824253,1700.0
0.01162934345589723,0.031350373980818046,1.9976450722198864,1700.0
0.011261371334009212,0.030820804597178585,2.0981596859966327,1700.0
0.010594099983660177,0.03138585828281827,2.0658972598336502,1700.0
0.013373553719008273,0.029119834710743805,2.1411437410567973,1700.0
0.010356533911578925,0.03255961076635576,2.0291681576760516,1700.0
0.011571123674554927,0.03046256100754332,2.0717116844851695,1700.0
0.009329367225527317,0.038399134667387765,1.8097707680682498,1700.0
0.012776062001048897,0.0291212633296428,2.0790791779640827,1700.0
0.010063770943488258,0.03274552332127791,1.9987663726467113,1700.0
0.01010981148918295,0.03189160628019324,2.041093446345045,1700.0
0.009674072265625007,0.033630371093750014,1.8860682107902824,1700.0
0.012407663896583565,0.029691828254847643,2.0761253891013802,1700.0
0.012221591139599983,0.029808511501480794,2.0897039753275886,1700.0
0.011630664266710127,0.03066628091576775,2.065692394296409,1700.0
0.013019395134779755,0.029707429322813936,2.0360965924167314,1713.0
0.014695786980419255,0.02685930687712822,2.259191764880607,1714.0
0.01071984730071393,0.03159596268427345,2.023862416713897,1714.0
0.011924501196831406,0.03055853983483171,2.0546435466308006,1714.0
0.010379546925793749,0.029568357709209316,1.9055350342147606,1714.0
0.012113184162771013,0.030110245948037687,2.1132292521676783,1714.0
0.01502267573696145,0.028486394557823126,2.008230151792647,1714.0
0.009275941598913937,0.03278500305328872,2.0143789960772844,1714.0
0.011924742135867783,0.030131369365179933,2.0965431505864647,1714.0
0.012865905844442613,0.029152922830453603,2.1269282167741097,1714.0
0.010205813560654,0.03176300978432677,2.032095368716381,1714.0
0.012662673484295114,0.029887216946676405,2.0762901681651105,1714.0
0.01145064142764209,0.030572180824712546,2.07181408765159,1714.0
0.010235157497459721,0.0320917404557991,1.9062524400519385,1714.0
0.01451902352803253,0.02935367800232665,2.1561149131525887,1714.0
0.013410751986188053,0.028742693064212062,2.146698034046118,1714.0
0.01351707087470036,0.028491086072534227,2.1492439657512925,1714.0
0.012285723034837551,0.03000285804693321,2.093104670088701,1714.0
0.014637806779814987,0.026439650865266697,2.108378821857625,1714.0
0.013199841104523847,0.030523676316117434,2.1049629414834774,1714.0
0.011047400948312563,0.03088210683930066,2.1046984212510966,1714.0
0.011558472244729098,0.030930851954687713,2.029853005274916,1714.0
0.009393852341281244,0.033295030163746055,1.893155303549868,1714.0
0.01493148283418554,0.027802191380569764,2.127176844723392,1714.0
0.012062365601174756,0.030425974503560983,2.03925732712708,1714.0
0.012777810843006394,0.02949953851798092,2.097049956090008,1714.0
0.010593518306741809,0.031180700675217818,2.0345069565220544,1714.0
0.009957419670694943,0.03184143819732537,2.034405703269821,1714.0
0.008298757774044825,0.03175921526470932,1.819183763227643,1714.0
0.010816616496847621,0.03234426115549976,2.0034567322406707,1714.0
0.013692859438498906,0.028829157267765797,2.177103091563186,1714.0
0.013692859438498906,0.028829157267765797,2.177103091563186,1714.0
0.012716540224755567,0.029707898900563915,2.186358194166742,1714.0
0.009445494366152218,0.032845993970087625,1.994545922432696,1714.0
0.009778525521194969,0.03316331072299668,1.8370796123961588,1714.0
0.011451814946432378,0.03093587591806161,2.063617253944698,1714.0
0.012793616322820132,0.02907906366000859,2.1537802850094825,1714.0
0.012046472647442746,0.030078789407064592,2.0645762262745015,1714.0
0.00909270216962525,0.03564979180363797,1.8851722125870087,1714.0
0.011988939055445336,0.029648330703494815,2.166218691300161,1714.0
0.01148658311537944,0.030584707749258134,2.06493163126747,1714.0
0.011780463354867458,0.029930942303408325,2.079952788989033,1714.0
0.01350214103611297,0.029541347986435974,2.069318881584125,1714.0
0.01135016081262437,0.030552952473506402,2.11363898224218,1714.0
0.010082677549427682,0.0328637161810614,1.9584216791190268,1714.0
0.011924279840184519,0.030373369957716462,2.067992505488139,1714.0
0.01315293420810576,0.029109858843541624,2.1465351204018615,1714.0
0.011980642529154862,0.030444851256441186,2.0851719418774586,1714.0
0.011693653405538013,0.03020430387576058,2.100032873895914,1714.0
0.014823887967285218,0.028239651248022836,2.2080455512922126,1714.0
0.010801826399494039,0.031334680508635804,2.0248966736866034,1714.0
0.014169848032844991,0.028250623966209837,2.128481721599843,1714.0
0.013666180758017493,0.030768429820907953,1.9439187592843314,1714.0
0.010379000328941098,0.03184844039015275,2.0686080223851238,1714.0
0.013419443920221496,0.028779839898329943,2.168309747001812,1714.0
0.013155383157564648,0.029545501025980133,2.1316253539594214,1714.0
0.01076528191720812,0.03194749912913345,1.998884835819645,1714.0
0.013742330508609214,0.028605495025752967,2.1972168496985107,1714.0
0.01574225703097188,0.027077251690993235,2.2055024872270277,1714.0
0.012784090909090908,0.030410640495867766,1.995385314784016,1714.0
0.01062065239483825,0.031578338815584805,2.0064439122603503,1714.0
0.010157433562681485,0.03261948065269536,1.9661352860521364,1714.0
0.012201394166717167,0.030292390631519308,2.080063995502841,1714.0
0.009857522014057107,0.03249462234785374,2.0044208877646894,1716.0
0.01422919777016657,0.02739303532521192,2.2443848972707063,1721.0
0.013148687337039033,0.02884009821012952,2.120013644130022,1721.0
0.011696463828106915,0.030521098568919266,2.136025708720605,1721.0
0.013047791192133342,0.03011568831486809,2.1027847624442564,1721.0
0.012900532890411435,0.028540757192472517,2.1947721043039348,1721.0
0.01649550147661455,0.02625970101417092,2.2639108323195796,1721.0
0.014699406528751527,0.027673506905956224,2.1943843535829908,1721.0
0.01707423012653802,0.02503045884092421,2.325268674557062,1721.0
0.015158306142206611,0.025843522535766782,2.0553473205119457,1721.0
0.009837284451943155,0.0325073636649604,1.9391843269394076,1721.0
0.011180264388642145,0.03248441598367358,2.001052672269842,1721.0
0.012742080868744296,0.029476395948562314,2.0376644696311628,1721.0
0.014073837464021213,0.027442535757694248,2.2052054070279197,1721.0
0.01245393489701222,0.030069305433736985,2.178864547796745,1721.0
0.013228262723072528,0.03081290977470867,2.120727735787207,1721.0
0.01234325259515571,0.030283737024221446,2.172371970785475,1721.0
0.012767759953156248,0.02941363037272509,2.159681061036885,1721.0
0.015317601835217505,0.02670279393235954,2.266155887666222,1721.0
0.014084289710926446,0.027637958333805696,2.1700723606312504,1721.0
0.012815093021224567,0.030681282208053096,2.087846298490056,1721.0
0.012392742439097403,0.02954074564136943,2.153885149283689,1721.0
0.014581981689734715,0.027084684976931946,2.2346148503006096,1722.0
0.016484819369123837,0.0253635406176957,2.3378882788175614,1722.0
0.014597154194308388,0.027335273420546837,2.248286642435814,1722.0
0.014581107925263764,0.027051591986656926,2.219082995915643,1722.0
0.011121889344853437,0.030598133249064914,2.1031768767901644,1722.0
0.013677685950413219,0.02805785123966942,2.1675609201614767,1722.0
0.017398458564763904,0.02432072000363074,2.3274386598584194,1722.0
0.014268963403816075,0.02632231738197771,2.180862809207484,1722.0
0.016280991735537195,0.025393572084481175,2.3492449503901103,1722.0
0.012541247304716834,0.029487086751951275,2.116035949388688,1722.0
0.01388523180782824,0.028137273252161994,2.16406969283943,1722.0
0.014833420089704553,0.02672403335744085,2.193739440634316,1722.0
0.015522177725676701,0.026367455663366363,2.2968195188522387,1722.0
0.011614212385258782,0.030207807739331256,2.1175526034101164,1722.0
0.009262093437177613,0.032910473987915065,1.9664576172575847,1722.0
0.012191696292066534,0.02942354804840759,2.1478388065855016,1722.0
0.011318772320273264,0.03136587133171161,2.0375214285370395,1722.0
0.014671690046903331,0.026611816640371152,2.2628465295318136,1722.0
0.01582992592592593,0.024489086419753094,2.224196713517928,1722.0
0.01656292959836941,0.025001900378916225,2.2741452239174116,1722.0
0.014345421820101206,0.02714316836981617,2.2452941246055413,1722.0
0.011671986449560376,0.03106200787658452,2.121062498626423,1722.0
0.011583028090621329,0.030025077580363307,2.144837256642502,1722.0
0.016130472679469602,0.025621927869227255,2.3056846989808113,1722.0
0.01268594674556213,0.029177514792899407,2.1539042811313527,1722.0
0.012795675633577608,0.029188499833285055,2.148490090280829,1722.0
0.014482031340491763,0.027266052236617384,2.2591171398771923,1722.0
0.013034486902438424,0.028869743614884542,2.1733483657467114,1722.0
0.015144672691794574,0.026629014321439253,2.282706821451754,1722.0
0.012362541331754106,0.02929869411728092,2.166330024945367,1722.0
0.011719605614458829,0.030100609160495142,2.1695255752712463,1722.0
0.01493000505987519,0.026092933040984992,2.240931800562788,1722.0
0.01153520804755373,0.030454961133973488,2.066140320499029,1722.0
0.016018353704362963,0.02537834737549938,2.285199451122894,1722.0
0.01410392588407912,0.027552687741763376,2.236411088900368,1722.0
0.01320659441099972,0.027521496154952856,2.1394287738066655,1722.0
0.014763135802790511,0.027187565077051227,2.2369950831015863,1722.0
0.0158630253208878,0.02588214204053575,2.307700183888403,1722.0
0.015747407781854593,0.02657885253078372,2.2423922476365106,1722.0
0.014250847305958542,0.027228890057158197,2.232290956650051,1722.0
0.015997956334711162,0.025986577642112294,2.270936237063229,1722.0
0.012225336818624033,0.029606750130207055,2.1441365009801583,1722.0
0.012899082627552766,0.02866788897616283,2.168593457726128,1722.0
0.014436307444235427,0.027746573501746842,2.22322590605756,1722.0
0.0154426633163525,0.026102875431589852,2.2864296307815883,1722.0
0.013168148731329102,0.028827082923284227,2.1818092563182425,1722.0
0.015083959823677447,0.026214081309021357,2.2746417956881113,1722.0
0.013307520000000002,0.028187519999999994,2.1485425671901917,1722.0
0.013615446349293075,0.027938985554265425,2.1893803940993353,1722.0
0.013836752045913487,0.02782442342438091,2.209559985724754,1723.0
0.011482671836207195,0.030273271434887592,2.0964824643458067,1723.0
0.0144976532685203,0.026788678429258465,2.2047836747377247,1723.0
0.01260935727603881,0.02923486835320972,2.1421738507971035,1723.0
0.011443761814744805,0.030897920604914933,2.025863631350903,1723.0
0.01703309147678096,0.024466068631178194,2.3410392901734625,1723.0
0.014710305719921097,0.027245233399079555,2.2297970262214846,1723.0
0.012447427881119898,0.029666894106329906,2.141586707921294,1723.0
0.012481778425655968,0.028895656902216668,2.1723336916967866,1723.0
0.01242526127222109,0.02929975368387983,2.123286624186219,1723.0
0.015165955238171944,0.02677402227054566,2.2882363107677,1723.0
0.013768602954894371,0.028001928570946907,2.186398237548929,1723.0
0.015997102544721597,0.025884983623078856,2.299925510845079,1723.0
0.013582521794346823,0.028038894526636878,2.218006220942147,1723.0
0.014280211218836566,0.027290945290858723,2.231121176888501,1723.0
0.011508887981951961,0.030155653051275946,2.1196785791263824,1723.0
0.013058125590840656,0.028447336402787023,2.151585703005564,1723.0
0.011391639709472658,0.03041458129882813,2.071464806847477,1723.0
0.013967653854232308,0.02739306182460382,2.144515233815947,1723.0
0.01738930041152263,0.02435555555555555,2.3714133417220014,1723.0
0.013339273780351971,0.02863889507685453,2.1851433799110906,1723.0
0.014784683821475448,0.02797067843293916,2.179665145367957,1723.0
0.015606944444444448,0.02625972222222223,2.248500643529452,1723.0
0.010991866693116446,0.030841598889109298,2.0936048363546482,1723.0
0.01324720683372993,0.028291265429803692,2.182466263594541,1723.0
0.013088185479318008,0.02892355752945161,2.1249447649585598,1723.0
0.012951485181596448,0.02881193825386749,2.172205276396202,1723.0
0.01399926953981008,0.02800584368151936,2.2037774430741845,1723.0
0.012244653613070793,0.02943160677116912,2.1497364511243595,1723.0
0.012509016768719477,0.029270325196557326,2.148942595086395,1723.0
0.014988527955560927,0.026651370607414567,2.2402511540417858,1723.0
0.009821113630637446,0.03202821869488536,1.9445954045651037,1727.0
0.013813655113694758,0.026096945141733094,2.0676601248959208,1727.0
0.014213850554633601,0.029083309343477113,2.1678389053282614,1733.0
0.014768530960414868,0.02748166064478884,2.1865392488666906,1735.0
0.013257958725813757,0.028824276719294255,2.112518710331991,1737.0
0.01360252774938245,0.02941324942927038,2.1035170606200646,1737.0
0.01376683966948343,0.028396063701063755,2.172533272842414,1737.0
0.012820129692225277,0.02901704304518462,2.0989821967842635,1737.0
0.012313359549367627,0.03041772770751408,2.1212842131810636,1737.0
0.011439328246040008,0.030766345820326058,2.1575542565776824,1737.0
0.014989710934939116,0.026129621985617565,2.2690659936502118,1740.0
0.01467972836026046,0.026847138580530932,2.2629064142886843,1740.0
0.01328673812623496,0.028856701977914494,2.1789783001035348,1740.0
0.01428723917724809,0.027640095542189547,2.2341272861945063,1740.0
0.017910135390708445,0.023736135524207905,2.385522442285898,1740.0
0.016461463478482517,0.02490036924518294,2.315934248777322,1740.0
0.015283138576586041,0.02653866922873701,2.290258433241834,1740.0
0.01681011257687994,0.025181708386966047,2.3486146487852775,1740.0
0.015405901223390276,0.02611178875419859,2.2859493452819644,1740.0
0.014637721041222358,0.027057189125898228,2.2618412504281586,1740.0
0.015043860047917586,0.02662659516914362,2.260624961249177,1740.0
0.014517233085632412,0.027366579072194714,2.259849815699042,1740.0
0.011572043623817672,0.03032518066946381,2.119117145771579,1740.0
0.01298123378935056,0.028576151001518446,2.1697120548771585,1740.0
0.015313270407231556,0.026604729729729725,2.2793763699488636,1740.0
0.014148444053185395,0.027547110265843913,2.2586782638345344,1740.0
0.01426436351084378,0.027477007917098145,2.2397850316862056,1740.0
0.013796586195127077,0.027928743961352653,2.2321838484200205,1740.0
0.015287999999999996,0.026365333333333334,2.257631367361834,1740.0
0.015322434203761415,0.02573216524301709,2.252177952662858,1740.0
0.013612224388340257,0.028067320991640773,2.2150139831433657,1740.0
0.01574104337179697,0.026146945843187018,2.2984994876576876,1740.0
0.015673365238128567,0.026384410314567886,2.283997795463933,1740.0
0.015779971228782844,0.025475927920189743,2.287126152975496,1740.0
0.013558386726774212,0.02826425491712419,2.18042327742784,1740.0
0.012185869490861374,0.029497251260875244,2.1562443510141045,1740.0
0.01612700431542841,0.02564344357263023,2.3082452156580424,1740.0
0.015059677871645027,0.02675552540056535,2.2890515824681494,1740.0
0.014712675636185654,0.026565357730888365,2.234882443132942,1740.0
0.01410710786372162,0.02826936535931245,2.197118942081924,1740.0
0.012119555555555554,0.029927555555555554,2.1173498003634963,1740.0
0.013202186022997948,0.028609292995958525,2.191390133245616,1740.0
0.014382612812868038,0.02731610547592017,2.2367413063410098,1740.0
0.015861562739425947,0.025579472450564845,2.30736544561111,1740.0
0.013433214984069412,0.028135108437344382,2.2401562152982897,1740.0
0.01262205949930572,0.029470861527543833,2.1054508003225574,1740.0
0.013885275563597237,0.02752897452198153,2.203575904611837,1740.0
0.01513520548166322,0.026710699412448344,2.2576533820208655,1740.0
0.012026758747395044,0.02987330464456847,2.177948399735794,1740.0
0.012607085443187109,0.029443260424466794,2.129500953269059,1740.0
0.013671890497917073,0.02828032356895678,2.210116248356551,1740.0
0.014205227540485655,0.027557213157164955,2.2348502293765677,1740.0
0.01470199990724103,0.027083538968876986,2.254899235972125,1740.0
0.014131860479397858,0.02752570561537633,2.2497039495158306,1740.0
0.01259861704278866,0.02916291634294784,2.1862225196055807,1740.0
0.01184260723823241,0.029920238416727748,2.15824877633331,1740.0
0.014495106617681037,0.027267930849942154,2.2417727398163114,1740.0
0.01501894930334665,0.026662366508225212,2.272234712930254,1740.0
0.014807471871748181,0.027666645665322582,2.2223034823466685,1774.0
0.013209536234323714,0.029009553067923584,2.1777201526632832,1774.0
0.01168425289937366,0.030789605911524114,2.1175223325208963,1774.0
0.012813301398364538,0.029064299366139256,2.185216741195183,1774.0
0.014772598790208601,0.027775029679461802,2.210526361345708,1774.0
0.013916915041990554,0.029138622637487815,2.190937284699767,1774.0
0.010002336002038694,0.032741192210495026,2.0252320711150738,1774.0
0.013405254501385045,0.028740586045706375,2.1388138496436886,1774.0
0.01425894431846813,0.030352418745275882,2.10410371838882,1774.0
0.015104595087176018,0.027660844179932583,2.1897856927187465,1774.0
0.012827221618430413,0.029609279609279615,2.1136156669673114,1774.0
0.014354879794995244,0.02859037707522557,2.1907233852824266,1774.0
0.012177088775386015,0.03032660181602764,2.119662787764732,1774.0
0.014631866559769259,0.027710394248019066,2.217461635022231,1774.0
0.0138551192722698,0.028730635392977533,2.212321332201123,1774.0
0.012810045698592717,0.030310281820097214,2.1454660730581763,1774.0
0.014449513985320375,0.027490577266415385,2.2127582447005656,1774.0
0.013043639053254438,0.028798076923076926,2.1730432690280415,1774.0
0.014812615232452031,0.0274279763011018,2.2545186361017895,1774.0
0.014203866149977382,0.028705686760956667,2.175654555397825,1774.0
0.013668919971465422,0.02922070107619763,2.1394030225666767,1774.0
0.012856911500012077,0.029354501428427337,2.17313212916722,1774.0
0.013769188705755744,0.02836998141541773,2.178327342100754,1774.0
0.014408436213991772,0.028375342935528115,2.170763252811871,1774.0
0.014825366677218527,0.027422667023806625,2.220238275848862,1774.0
0.013808638657469618,0.02779270805339067,2.1565475946901445,1774.0
0.01205235545894887,0.03164204537830912,2.0796443097726094,1774.0
0.01239036431435024,0.029511913306839863,2.159001546551705,1774.0
0.016601689408706946,0.025028555794945454,2.293709517901581,1774.0
0.013810215918965967,0.028306934579335922,2.189667289079891,1774.0
0.013846208928441996,0.028415639524873682,2.2178749834595273,1777.0
0.01270972161371474,0.02933397432726553,2.178593543604477,1777.0
0.013450650861758978,0.02955132903823155,2.1092757194440606,1777.0
0.012603521277190253,0.029934165097294838,2.174324760803929,1777.0
0.015827042940517858,0.026588972314902027,2.2412717581706465,1777.0
0.015189048888888893,0.02721230222222223,2.2235311823415493,1777.0
0.013157849697191677,0.029574194244031765,2.1446276070215755,1777.0
0.011936368359497488,0.030350738463017335,2.111077421008667,1777.0
0.011936569921060335,0.0304251116964558,2.13918785216841,1777.0
0.012675162203403645,0.029326724830807584,2.1688055973323994,1783.0
0.013808670172472202,0.02886676556891528,2.1690568422686702,1783.0
0.01277777688883484,0.02923617755959563,2.200960631020573,1783.0
0.013634473314118205,0.02857036885288433,2.1054176207044577,1783.0
0.012375000000000008,0.030692249527410207,2.0874809158853926,1783.0
0.014804434389039365,0.02788330625584712,2.2223371843040733,1783.0
0.011783736358344208,0.031104575214970055,2.0913483139696987,1783.0
0.007919973829651695,0.03429262581567122,1.856553121411007,1783.0
0.012040477473605204,0.03097283828865291,2.0858634256099493,1783.0
0.011576819159861121,0.030440822289598508,2.037149796512046,1783.0
0.014737368931341576,0.028616283036483774,1.966385208819545,1783.0
0.009307125537873098,0.033643748719349775,1.8604792777743098,1783.0
0.011636816184807258,0.031626452664399084,2.0144196183447596,1783.0
0.0141351606805293,0.02904655009451796,2.0354722648361623,1783.0
0.0148693109930482,0.02749773671722946,2.2604356582815948,1783.0
0.013846830207783652,0.028501611213941888,2.2223596063277893,1783.0
0.013984645567350141,0.02811009436756059,2.2134812515604603,1783.0
0.014594788811201121,0.02709896734250625,2.2720708323468437,1783.0
0.012906038815724946,0.03001813274707777,2.130744011193064,1784.0
0.013316425090275506,0.02924523686270549,2.140511609560586,1784.0
0.015099449936224493,0.026561055086096942,2.2655466450079085,1784.0
0.011372851060469341,0.030895685604524825,2.1114399366592957,1784.0
0.013669601242001138,0.02834389107787916,2.2177169720281777,1784.0
0.01560606577331751,0.026342471318688714,2.2708671263095432,1784.0
0.012292767119021948,0.03069920444437819,2.0847213625858836,1784.0
0.012039721673290248,0.030421683252904178,2.113722634721291,1784.0
0.012626757725277481,0.028969261062519895,2.1112388910673725,1784.0
0.011001365359618116,0.03275846686716034,1.9592935967034772,1784.0
0.014735234154622415,0.02746919325448968,2.2592373218017143,1784.0
0.009714065066471336,0.032912995461113106,1.9335882992754152,1784.0
0.01529158340317404,0.02645987777173748,2.2488348450948403,1784.0
0.015294865083117778,0.02673668507206909,2.255272763262635,1784.0
0.017217180944992805,0.024618552177439853,2.3527184518806123,1785.0
0.013707863911482055,0.02880381536278072,2.1611285477443296,1785.0
0.01614521403091557,0.026296612828643144,2.1764504839031114,1785.0
0.015306698476555181,0.026336803652607314,2.205817330955629,1785.0
0.015830000209410933,0.026665734582736418,2.273873295021788,1785.0
0.014836291452978477,0.027034917243263325,2.268839251997589,1785.0
0.01450537845918868,0.027627180880317938,2.210148834949647,1785.0
0.013407173386243993,0.029323253687960085,2.1723767028441614,1785.0
0.013759413270475297,0.028583162296893404,2.1942411414376726,1785.0
0.015635587125063865,0.025920555949623267,2.2310474769522926,1785.0
0.01572894747916842,0.02612259069101928,2.2378825954886383,1785.0
0.01576854231605136,0.026491097472046674,2.281740740760677,1785.0
0.015428422664380256,0.026325969981132256,2.203249737464117,1785.0
0.015091168661881801,0.02703592129173059,2.2277852620433642,1785.0
0.015360380639093455,0.02663833949547943,2.2505347608008766,1786.0
0.012893601050853819,0.02983814974666917,2.1137309480619106,1786.0
0.012478711521021011,0.029965255555448288,2.185500340424924,1786.0
0.013341762267600761,0.029454904402263532,2.1745073021825725,1786.0
0.015360147874092393,0.026372081431024093,2.2589807647930837,1786.0
0.014501062475548932,0.02790803492835835,2.204931351218691,1786.0
0.013581811380575804,0.03154945035025648,2.0523877033510476,1786.0
0.013939365970931181,0.028171397931692224,2.231502588634417,1786.0
0.011681113441585941,0.03186080823373385,2.072868976974565,1786.0
0.01221373625162556,0.029817227132574623,2.1591501695398354,1788.0
0.015943560493336156,0.025993567168309452,2.278633494158296,1788.0
0.015660004837201355,0.02612259449800627,2.2925552973883985,1788.0
0.014166197477069833,0.0277298925237304,2.2517369260161835,1788.0
0.01501457952938636,0.02738460070172619,2.2532785293718907,1788.0
0.014763338708175089,0.026686061460599778,2.20270132372753,1788.0
0.014594164871831088,0.028290728055928253,2.22329554598736,1788.0
0.016686875442779022,0.025266403549453312,2.290034737064349,1788.0
0.01448163189564131,0.027949635083071845,2.2437239826672433,1788.0
0.015114953388762904,0.026661470143613007,2.255259973661382,1788.0
0.014073800749907557,0.028813821690559936,2.1678559828727177,1788.0
0.013697247696233797,0.02882900491070338,2.1856751570960005,1788.0
0.013785941697343552,0.028026472883033376,2.143476506905177,1788.0
0.014054512503149034,0.02796632595639518,2.2481024935199376,1788.0
0.016076152321554998,0.025406460620449944,2.2533880491032434,1789.0
0.014188190332609476,0.027715340811448393,2.224515815465434,1789.0
0.012508837066336645,0.029665040808237682,2.1617905854606767,1789.0
0.014688178933275823,0.027500270422575957,2.2432316012151547,1789.0
0.014277682961342231,0.0274162529800967,2.2377088836355292,1789.0
0.015702282697226823,0.026453065938598787,2.2540768204603396,1789.0
0.014958124239224602,0.027182813176000183,2.2370438676144424,1789.0
0.01395411004678102,0.028290822009356204,2.1915801954807357,1789.0
0.01562885423433745,0.027335998028680142,2.2573675453893713,1789.0
0.013753257379688183,0.028466539552747826,2.2021182745348926,1789.0
0.014622303797714807,0.027314687394078947,2.267426528071381,1789.0
0.010240485763272767,0.03288023878868648,1.9612520102445294,1791.0
0.015080171287593808,0.02702621117731787,2.2215468649267884,1791.0
0.015561555330607726,0.026432245135065778,2.295536000667718,1791.0
0.017427916533069483,0.02440390248028499,2.3486893826917417,1791.0
0.01512847932510525,0.027738221390551425,2.2430718808215477,1791.0
0.01582721320665553,0.027672611895812032,2.232103467993562,1791.0
0.015194539217890726,0.02720558234276103,2.2409412266661937,1791.0
0.016267779309745198,0.025718598111417627,2.292810891485703,1791.0
0.014075682177047239,0.02880705405622401,2.1727501789581156,1791.0
0.015993600238049372,0.026342451274725936,2.277756932873891,1791.0
0.018474976712299352,0.022891232357971365,2.3979417692645786,1791.0
0.016675274961976835,0.025091922146423987,2.333378666827968,1791.0
0.018192133258023657,0.023806937625539336,2.2917400958237852,1791.0
0.016077295711955274,0.02573103173760417,2.3008014843301297,1791.0
0.014256489992876868,0.02806435315298535,2.239375877487495,1791.0
0.016045388532555414,0.025779767454037598,2.278525953432153,1791.0
0.01611085249138738,0.025751244696992793,2.3165439197318296,1791.0
0.01625806067717367,0.02601310032229159,2.2942952722844496,1791.0
0.013369165459678497,0.02888268503718143,2.1517012557761817,1791.0
0.010516652453186238,0.032185027761649006,2.0410639872035863,1791.0
0.015193165903051725,0.026672644179404993,2.2801790899417833,1793.0
0.019031238754121958,0.022844279933314237,2.3689262384238274,1793.0
0.01366713379019384,0.02954014553554642,2.17145604892154,1793.0
0.015008844094110484,0.027059297069401432,2.225590940292242,1793.0
0.016099391632990595,0.026119496041589613,2.3007698713391265,1793.0
0.013245383263330902,0.029593767120160704,2.159397625097549,1793.0
0.015382104976033591,0.026676203655592323,2.255039156501994,1793.0
0.01584301307750215,0.025423005549622735,2.2992400705806486,1793.0
0.013665825557305524,0.02860917768858632,2.197720164531219,1793.0
0.01503522748753411,0.02740384703617448,2.2346532366420386,1793.0
0.016144105654681384,0.02646942429325154,2.2348056062915966,1795.0
0.012943543350225288,0.029614952618045417,2.1395005590831837,1795.0
0.01581950427779156,0.02672445680768719,2.2809385751871054,1795.0
0.014614186346588212,0.027394609394437358,2.261098028680987,1795.0
0.017471923828125,0.024130249023437498,2.2976383457933762,1795.0
0.018215408236060427,0.024568087592146483,2.3278321544663605,1795.0
0.015709201806925574,0.027883014936250394,2.2128870091653385,1795.0
0.018940779209355038,0.0229484585351431,2.397530340117082,1795.0
0.01686266299508436,0.024973380736281612,2.321655419673172,1795.0
0.016318942134023916,0.02592526309210819,2.3083068822080097,1795.0
0.01667947947395032,0.026045929689313647,2.242741122178894,1795.0
0.016850394051283427,0.025499639815686526,2.293033558135008,1795.0
0.011167683584681495,0.03167451265571938,2.035633876504468,1797.0
0.017500662433146127,0.025588722599798313,2.3338934102495825,1797.0
0.010014458431688925,0.03227709420079941,2.0593146401956455,1797.0
0.012539529651146285,0.030223253780420022,2.1280346004913664,1797.0
0.01045736669950983,0.03322995203251782,2.0098796687764366,1797.0
0.015073541674319117,0.02838680763227347,2.215981664364959,1797.0
0.01678483661499971,0.025649158806271763,2.316910335779605,1797.0
0.013853072931551313,0.028266984487065775,2.2055951605164585,1797.0
0.009123814995690899,0.03179833381212295,1.9605180789042682,1797.0
0.016187400203222527,0.026033985338946148,2.226023633122044,1798.0
0.01897833802708229,0.023269585215360017,2.3403130948027036,1798.0
0.016417432568337574,0.025309233898217084,2.3170494860005793,1798.0
0.018492365027068865,0.0235199969068032,2.3588955478771476,1798.0
0.017621598629985146,0.024651311959846916,2.327335164090892,1798.0
0.015214955497342923,0.026985597463177056,2.289120446225448,1798.0
0.017578419059839263,0.02409519959956522,2.295009225699913,1798.0
0.015239100519171824,0.026562519547132048,2.2675224497584794,1798.0
0.016691206835172657,0.025301245995016014,2.270133584429988,1798.0
0.011220697157214311,0.029587336404968377,2.1295220580114913,1798.0
0.01578538737675897,0.026198932588838975,2.2479794763444834,1798.0
0.017360656113637258,0.02460699539666744,2.3415201887957084,1798.0
0.013663061101060438,0.028755876500973342,2.1727632522119027,1798.0
0.016194334956266508,0.02785019267353334,2.237960181730921,1799.0
0.015786680242170902,0.026152226401625487,2.2850117143030673,1799.0
0.01641856620211599,0.02587980401833216,2.317935073203003,1799.0
0.013008764298778603,0.029773016577283158,2.1763059196902566,1799.0
0.017491615355230528,0.02550558760496992,2.186458480982364,1799.0
0.01229127651575804,0.03013186955674215,2.1353700106805236,1799.0
0.016135544156478325,0.02634324433602463,2.272736669326116,1800.0
0.01672926956965025,0.025496259325851985,2.277310843238134,1800.0
0.014682974250068094,0.02786440467860294,2.2402838107230565,1800.0
0.015294387472868435,0.02728376994376521,2.2288874397267198,1800.0
0.012548148148148149,0.030585185185185177,2.0763187684744753,1801.0
0.01398626070782803,0.028275463407566353,2.2198241288304232,1801.0
0.015148611182742331,0.02915247787524271,2.091767213489388,1801.0
0.013674539404269135,0.030036328220112,2.15328009153387,1801.0
0.01636923582624084,0.02822777008568324,2.206691384740548,1801.0
0.015598162156642751,0.028147256606402004,2.2109869206581982,1801.0
0.012364048605944663,0.028505508909908953,2.1243189216177796,1801.0
0.01646038307822984,0.02578579336083247,2.2519061652955186,1801.0
0.015158032681928904,0.027386960526306393,2.2183659826812923,1801.0
0.01675146640041239,0.025471825593441744,2.2678577252973726,1801.0
0.013963009738414474,0.028178137857548823,2.182874705637631,1801.0
0.012965348306128426,0.030341330298863205,2.1214848354282503,1801.0
0.016664311959607256,0.02529255982709436,2.2705699168766027,1801.0
0.014905870871635078,0.026211938360134735,2.2056564871040196,1801.0
0.016518550776062745,0.0244798919013851,2.269177181905605,1801.0
0.01635150070508545,0.025329728336516113,2.292443752321635,1802.0
0.015212299632132656,0.02818618100763064,2.222035627850047,1802.0
0.014300822168317264,0.027063803305689593,2.2638684048786453,1802.0
0.013503377320987258,0.0293135786900039,2.2104056269530945,1802.0
0.014073070876593347,0.030235688420074593,2.1070354595632645,1802.0
0.016574983930059,0.02520031938106947,2.3338483679482978,1802.0
0.017928108894250405,0.024803685566030034,2.29489803971563,1802.0
0.016287291235008928,0.02560168795361131,2.2693987216779026,1802.0
0.01267541330257594,0.02985630526720493,2.030278895082078,1802.0
0.014618738089644187,0.02664003967943196,2.2151288698552456,1802.0
0.015551457484336912,0.02682671543394004,2.26981447463889,1802.0
0.019539779170733632,0.024586579854548325,2.22432677392033,1802.0
0.013645129903416316,0.027535926307787246,2.1567874667761107,1802.0
0.012757494768368119,0.03020770477595287,2.1198068611700864,1802.0
0.017588316020780568,0.0246295608744558,2.3060294767666174,1802.0
0.012344000091136407,0.032395435204857576,1.9959443900136413,1802.0
0.011790633608815423,0.03186409550045913,2.057601087457004,1802.5
0.0072637944066515515,0.03447467876039304,1.7523258241806592,1802.5
0.012945897740784775,0.028052913198573136,2.020341441208005,1802.5
0.009893028095733612,0.03462351716961499,1.9413544579206112,1802.5
0.010751757706868585,0.033985938345051384,1.7898098188785228,1802.5
0.009010125665033092,0.03727045632234321,1.8560305083985842,1802.5
0.00817960320222764,0.034678855879281746,1.8618982325879432,1802.5
0.0095237129295306,0.036018195464319044,1.8495983149117576,1802.5
0.008903987525061264,0.03450657161951438,1.9034443429531178,1802.5
0.008604443562785153,0.030673477484626066,1.632168256395318,1802.5
0.015006925207756231,0.026488919667590025,1.9629483562202843,1802.5
0.012640984606005184,0.029425773510135644,2.003563520890007,1802.5
0.01369527686876756,0.02898812131206679,2.0292685746138805,1802.5
0.012755102040816323,0.03070281366984663,2.074291519957054,1802.5
0.007960676726108826,0.03967840268251791,1.7029523542065532,1802.5
0.010661157024793389,0.04012396694214874,1.5941877732168084,1802.5
0.010958122861332895,0.029543559317160142,2.041214924880606,1802.5
0.01590706209085499,0.03281838920849038,1.8980304868839557,1802.5
0.008817090853696379,0.037625323711782274,1.796224323868887,1802.5
0.013628260461625063,0.02799540251454307,1.8297746124729855,1802.5
0.010250101346786179,0.03146536192063421,1.7948573307702183,1802.5
0.007693761814744805,0.03453686200378072,1.7162122889639346,1802.5
0.0130051296107761,0.030640613986999767,1.9721119243358738,1802.5
0.01066737005468638,0.03394741765606166,1.902398904747041,1802.5
0.00916086658170768,0.03533771198902068,1.9086742795273142,1802.5
0.008960228971762999,0.03577083066342005,1.8487812262363705,1802.5
0.010517535742678783,0.033882234878598705,1.9528739205276697,1802.5
0.011081293324358473,0.03251245852080161,2.0087494364268124,1802.5
0.009121706927026341,0.03339365373285078,1.8464931620703107,1802.5
0.010199662295513353,0.03269867549668874,2.018902186315912,1802.5
0.012755102040816323,0.03070281366984663,2.074291519957054,1802.5
0.009972569237887498,0.03228071914865491,2.0635759333854584,1802.5
0.01042628501077255,0.032134887657740835,2.009817824687866,1802.5
0.010788912469320941,0.029514168149812427,1.9830026575246884,1802.5
0.013411970057830604,0.02913752287149491,2.1814276257373435,1802.5
0.013741719051200993,0.028524678980962583,2.0475418105095216,1802.5
0.014432882414151919,0.028668054110301773,2.061637720533466,1802.5
0.008462806385641465,0.034866151826867316,1.796299684478153,1802.5
0.010725226851797933,0.02952567880813988,1.999205991281042,1802.5
0.009237685370466821,0.030207505276719386,1.7127796098887351,1802.5
0.008207562931610604,0.035329416351080424,1.8217608821663531,1802.5
0.013500667209881797,0.02737036643402888,2.167809804925586,1802.5
0.012639369473279507,0.03046905036524415,1.9209430474874372,1802.5
0.012262100637759593,0.030294739879368343,2.1369811267318863,1803.0
0.015405007718046681,0.027232520386078516,2.2516188989806984,1803.0
0.015167585098113123,0.02734550887395946,2.254875384314022,1803.0
0.01642933015818508,0.025449369044451338,2.3205520609576795,1803.0
0.016792639639364653,0.025392868162375636,2.3041738796281215,1803.0
0.018929051824107968,0.022927292603743453,2.3914177808713384,1803.0
0.018367506905954692,0.023454623171091257,2.3723192879900035,1803.0
0.018658412963432274,0.02367659993142619,2.295107266462168,1803.0
0.012446896017806155,0.03023080272898824,2.1449094855004502,1803.0
0.014552036560530966,0.027319700297446053,2.2381796800773865,1803.0
0.01630079969543521,0.025552989134979425,2.288328524655256,1804.0
0.01844251096389521,0.02346909431106327,2.3866985638328533,1804.0
0.016769329115376416,0.026343121506662952,2.25084273740387,1805.0
0.018913808585477674,0.02274075231420479,2.334844520632846,1805.0
0.011416495200260394,0.032451328477399136,1.9948551942128978,1805.0
0.011340943434503105,0.030928935198927466,2.0956515021855706,1805.0
0.012183788085108446,0.030685011936175923,2.035310970719579,1805.0
0.013935956770361819,0.027507719158668693,2.2053816883564137,1805.0
0.015253709003975994,0.026486330835085586,2.2147707873296922,1805.0
0.014035083229254107,0.0282163551114842,2.247240614451873,1809.0
0.016821459154068578,0.0255357571707194,2.3084661842142458,1809.0
0.01546035090919382,0.026967204493390236,2.262366581092353,1809.0
0.01239793896155371,0.029659869937317417,2.139734140740155,1809.0
0.01311282018935025,0.02826174127739331,2.1111405727775994,1809.0
0.01815420916331457,0.02391174967613255,2.3921264600397225,1810.0
0.013752832792814489,0.028363840898520877,2.2289467991756533,1810.0
0.014782868275413967,0.02702971534975328,2.245635015603293,1810.0
0.013791767532553775,0.028292036172871557,2.220736098210148,1814.0
0.018010755133679283,0.024390796167794635,2.340816249047076,1814.0
0.010609567901234561,0.03257887517146776,1.875332806688229,1815.0
0.01647554071708521,0.02253592683988968,2.0648079436740443,1815.0
0.012448979591836738,0.02883928571428571,2.1032076367911436,1815.0
0.01497506643972648,0.026747588760488526,2.239011293343996,1815.0
0.017028554431885782,0.022717132659131473,2.247582629447727,1815.0
0.013366253364090728,0.028570742022299117,2.146187946798282,1815.0
0.014631472423680219,0.02652217911958172,1.9999416519565463,1815.0
0.01624,0.024079999999999994,2.2565569107227743,1815.0
0.018072434413580245,0.023835358796296294,2.253303389016805,1815.0
0.015221088435374154,0.02653061224489796,2.2235683865124685,1815.0
0.015416974852071004,0.026927699704142008,2.2527975689531865,1815.0
0.01846958064889472,0.0227518228463408,2.2355131477053996,1815.0
0.014300388604242474,0.027951040815821386,2.1635457392437023,1815.0
0.016950468402256606,0.025969152735365663,2.1157152750170978,1815.0
0.014882057374817459,0.02445484022672707,2.1366168199164206,1815.0
0.011597860705486455,0.030121386935881265,1.9832063842009084,1815.0
0.011758883966443584,0.031223489490055607,1.9902168657798724,1815.0
0.01230725623582766,0.031201814058956907,2.0283628796213473,1815.0
0.016090361766743035,0.025747242793968776,2.131754253778195,1815.0
0.011507116620752985,0.030274334251606975,1.985213992135803,1815.0
0.018037447309087344,0.024311342025291643,2.3005239559711326,1815.0
0.01759551852915829,0.02456190749784545,2.146212606550659,1815.0
0.012978352313532372,0.030599158715502207,2.0199463240986213,1815.0
0.013205441598469547,0.026278031671803592,1.9427836738911954,1815.0
0.013510069367094877,0.02902184893319472,2.198647657689529,1816.0
0.014457940876671046,0.027952924136339295,2.2454700587224177,1816.0
0.017262623854538053,0.02421307668199753,2.3144588483886848,1816.0
0.014370621027743436,0.02793968122371507,2.242361802441626,1816.0
0.018230599805364782,0.023363948969806415,2.376133229645481,1818.0
0.016511320342643597,0.024022786284549492,2.263098393371379,1818.0
0.018718959040085664,0.023698037640425794,2.361635242942605,1818.0
0.020182843086689148,0.02150201626661377,2.4573231282528503,1818.0
0.014596244325334214,0.02749026691577287,2.21951246359232,1820.0
0.01737302761341223,0.02633259368836292,2.2515573976320327,1820.0
0.010187510573259928,0.028337320902312477,2.1094011709489853,1820.0
0.0190139904404742,0.02323445143104892,2.3905435008872917,1821.0
0.017727949448187313,0.0244149405531091,2.2952888423757662,1821.0
0.015270666852643753,0.02698031621155756,2.253945532789606,1821.0
0.020923052145028886,0.020915235044733145,2.4629964926429726,1822.0
0.013881732774448208,0.027433064463358418,2.2279192741638343,1822.0
0.018318619687108736,0.02377809951285578,2.3552096796977424,1822.0
0.01021073694608731,0.0333930674636846,1.9361851453881669,1823.0
0.013560060021953067,0.028569513796800942,2.1572802143308483,1823.0
0.01844590210391015,0.024879139588574177,2.265604549083714,1823.0
0.015926716906602377,0.02702357799726167,2.2041141952757695,1823.0
0.01142939814814815,0.03176842206790124,2.0167080793704986,1823.0
0.010385550342020466,0.02862626491039629,2.0121543608122696,1823.0
0.010327885741197406,0.03145205666498781,2.092767118451589,1823.0
0.013163303542465967,0.029306858983680274,2.012274870751373,1823.0
0.008708029406972176,0.03358126695357953,1.8985408194513025,1823.0
0.009030153182629393,0.035005205234979166,1.7785778271805102,1823.0
0.0133606109074777,0.030542655551218312,2.158327438503769,1823.0
0.010718254400744653,0.028918271779856727,1.990570320810585,1823.0
0.015869224025283735,0.025121145269213035,2.2885955951796855,1823.0
0.014942724791726519,0.027269126149095095,2.251462983279937,1823.0
0.014681705186777746,0.027806537221177097,2.17608623987138,1823.0
0.013813567273409646,0.02827547382248077,2.2196753749908593,1823.0
0.014763480666541942,0.02734337859348978,2.2228073969403352,1823.0
0.006024277387176251,0.02956365302565952,1.6136553752795648,1823.0
0.01300330303057308,0.02946295979732987,2.10618232956288,1823.0
0.010060091373286747,0.035028110722923944,1.9376292939408875,1823.0
0.013712235337490388,0.02860357353978757,2.1663105920555523,1823.0
0.008155281207133061,0.03383100137174211,1.9338993894804604,1823.0
0.009896421326352628,0.03511125493007207,1.9228041710593622,1826.0
0.01762467471850674,0.026505442052419267,2.203785100622887,1826.0
0.016431503972542543,0.026409879854098112,2.2121962418570678,1826.0
0.01743192221591099,0.0239764108389856,2.258708096192251,1826.0
0.01774946137516005,0.024542922941356706,2.300253457964625,1827.0
0.017567123914037492,0.025508321902149068,2.2976831053779585,1827.0
0.018778985749466726,0.022103528779360823,2.3514485078160643,1827.0
0.014613124044382718,0.027385571406528357,2.203762929426525,1827.0
0.015818295494498934,0.027103019122433545,2.2581245882193213,1827.0
0.013076570550931433,0.02682043945699563,2.057620973617304,1827.0
0.015140078164498548,0.027420491296776317,2.1656035347278855,1827.0
0.009337573864277922,0.030351161127629943,1.8231114638546524,1827.0
0.018476566398591854,0.023508857862422693,2.3276626560042946,1827.0
0.01716519895505038,0.023775624540545222,2.3482461369870924,1827.0
0.01766907186652395,0.025034845372439725,2.2854850478669197,1827.0
0.018054038965197323,0.022493657687539505,2.2724921491822037,1827.0
0.012919946974001029,0.02885543200858517,2.0316962962887093,1827.0
0.010861920814330095,0.0300456077731509,1.9453305162137586,1827.0
0.016477040181688322,0.02789625949971511,2.1128273899312915,1827.0
0.015227362063874768,0.02800611902204333,2.163832661113046,1827.0
0.011730735375484138,0.03575099969820432,1.7313414145685564,1827.0
0.016249708291010242,0.026511457249963243,2.2313994255256553,1827.0
0.016015751279487296,0.02491219999976826,2.2475889668912914,1827.0
0.017844283038428454,0.025466247194346328,2.1803973927085574,1827.0
0.017784714995953285,0.024109145565961384,2.2546489892067845,1827.0
0.014792729591836733,0.02806627338435374,2.1365476012667086,1827.0
0.02168889751699333,0.022974350263292,2.2977620672266266,1827.0
0.011561701825749698,0.032994158546968126,2.00126814213973,1827.0
0.014451045573998778,0.027104133442645055,2.106051678830209,1827.0
0.012101770547765902,0.02988983820962572,2.1140512096198427,1827.0
0.01730262157929171,0.025065506439952156,2.2297039430180607,1827.0
0.01387846140897231,0.027177846982577226,2.0825982527194205,1827.0
0.012095974782085767,0.03158765141652514,2.015470768182052,1827.0
0.011275269387517266,0.03036726607197859,2.1531514359817465,1827.0
0.01629542174996721,0.0251011038024025,2.2175437437215764,1827.0
0.01214858322407548,0.0312305701232699,2.0034954957241444,1827.0
0.009673371639367953,0.03639002456459469,1.9774614647494688,1827.0
0.013911205193248004,0.02864977002343279,2.1392532674589573,1828.0
0.007652547594558406,0.01673208290477207,1.7510676023131364,1828.0
0.012855450918658072,0.028334185477235225,2.150126066808857,1828.0
0.016290403929652208,0.026629786583434456,2.1977953780751327,1828.0
0.013963045218804676,0.027744483525488535,2.191733363456497,1828.0
0.02031214264043501,0.021830614483418515,2.4135179431217426,1828.0
0.012553833061328248,0.02961074209292054,2.085669707237805,1828.0
0.01487591949034179,0.02734798560654073,2.1928535483457576,1828.0
0.020976200810185187,0.021701871141975308,2.3916481190897247,1828.0
0.015498491401247715,0.02691892964144374,2.227335176150179,1828.0
0.015453447651249848,0.027031759449341858,2.1124925440685063,1828.0
0.020523261423451174,0.021025778924460677,2.2209670687204714,1828.0
0.012441377486418777,0.028652800747759718,2.198948915361176,1828.0
0.012129038231033758,0.029424602778531497,2.1450122353250975,1828.0
0.01976449893508384,0.02208642265776958,2.386047371049493,1828.0
0.014146478388434493,0.02511617138454982,1.9770804882241648,1828.0
0.013808516114272645,0.028295061340044034,2.1247302374616566,1828.0
0.010638585563571588,0.03281463291380395,2.0566814178717534,1829.0
0.013319028721767965,0.02934198786799306,1.9740418886322093,1829.0
0.01378338162737881,0.02936364981160971,2.098688277855947,1830.0
0.010431493750426884,0.033973601529950145,2.0180480345604694,1830.0
0.016546987740320207,0.026524145194519632,2.2429434311676593,1830.0
0.017448758843721376,0.024102934846193746,2.3353834886494536,1830.0
0.01045209750566894,0.03338766061980347,1.9026332851813106,1830.0
0.013555767596595134,0.02981867278372938,2.0369696870015015,1830.0
0.013604619280334181,0.028350349187916322,2.154309246194523,1830.0
0.014128446480633064,0.027854227405247806,2.128574054504778,1830.0
0.014622590979751278,0.027986487563775503,2.166106548857831,1830.0
0.019120907951204254,0.02248930391461051,2.390445094345648,1831.0
0.016821472759455607,0.02600485212022188,2.2898204271060587,1832.0
0.013075614094691566,0.02789370379546644,2.2072447954785663,1832.0
0.01746253541746471,0.024221125945822708,2.292478775183964,1832.0
0.018970018436112113,0.022977584651391866,2.343355011064715,1832.0
0.016383229966116308,0.025390320997114493,2.312979149186217,1833.0
0.016331778756758397,0.02487360571637125,2.2721044738599177,1833.0
0.018440530675417153,0.02305340548278244,2.374279587750678,1833.0
0.016031164671287543,0.025789750052509972,2.2941487871974116,1833.0
0.018317383008263483,0.02368426523324102,2.356879100657484,1833.0
0.01677080429068237,0.025251330081703792,2.2952312219872653,1833.0
0.018654708200699397,0.02305635046860763,2.3749006437609044,1833.0
0.014535105911367694,0.025926246757945266,2.2190028209492665,1833.0
0.018306122729058804,0.02336572048932138,2.331746266633435,1834.0
0.012980897197027084,0.029498781761225196,2.053404233173065,1834.0
0.016197026754535323,0.026708631292189974,2.2094213273183065,1834.0
0.016144247810643567,0.025436827742471874,2.279259040706932,1834.0
0.014954141468141273,0.02693666677804137,2.221536044138729,1835.0
0.017344726202091227,0.026402407223684844,2.2629220273781243,1835.0
0.0180424958107887,0.02441060476977674,2.3517518336611274,1835.0
0.012281877851596897,0.030475143003158688,2.135557508229983,1835.0
0.017969137500774997,0.02408002472254944,2.3338653866996477,1836.0
0.016669136354389304,0.02500677419993978,2.298480239009444,1836.0
0.018861268590148108,0.026734817705907472,2.2148010772817663,1836.0
0.015639873426424908,0.02658595131103882,2.228466932986223,1836.0
0.016574440489642486,0.025219121245490913,2.3125831294295636,1836.0
0.015302608369300056,0.025611334209044857,2.277638354244118,1836.0
0.015577746764848485,0.02734509979347533,2.224381998877296,1836.0
0.015043090030257245,0.02669985195129412,2.2406846328694106,1837.0
0.018619717547702638,0.02346474846808593,2.381094382909743,1837.0
0.01589746033170303,0.025903408648929753,2.228756326261173,1837.0
0.008038036578184166,0.027371948256101116,1.9150735704000892,1837.0
0.018800320031298424,0.022938499983901236,2.38634248902622,1837.0
0.017406181047632818,0.024309406327407416,2.3232382092745576,1837.0
0.020484804683891102,0.021428347432656408,2.4498132350957005,1837.0
0.019991758272355685,0.021563997757656085,2.333807561917216,1837.0
0.01823921247771916,0.02313987309193978,2.3662214912993873,1837.0
0.01978542673296712,0.02230772226117804,2.390202962951185,1837.0
0.016520620074276078,0.025655273458739428,2.2468305150788574,1837.0
0.010084774422519364,0.03163556497915788,2.08759065071544,1837.0
0.02043730908283558,0.02188268196105031,2.402975849557276,1837.0
0.01405544922619412,0.029604133238597598,2.165522652002524,1837.0
0.01569949790071588,0.026844019678967854,2.208188003958398,1838.0
0.017708733531555852,0.023948458814201774,2.387717438826461,1838.0
0.018628706384514592,0.02351458230350964,2.313621704533213,1838.0
0.018127448182257835,0.023796816391465445,2.3396504660652067,1838.0
0.012596214818336178,0.029178382054216054,2.1746092043384344,1838.0
0.015185898523713413,0.026853403023585336,2.272099521422316,1838.0
0.019659754006069896,0.02209489938735059,2.4083500453361757,1838.0
0.016855795847750866,0.025031833910034596,2.2947155668704786,1838.0
0.016163071253774735,0.025909365261342212,2.3159517220552415,1838.0
0.016649662841309035,0.02565515034802504,2.010958349751721,1839.0
0.015061249012112709,0.02655602328994694,2.2254847965901527,1839.0
0.006756355167343206,0.034624875626271256,1.9477613531374534,1839.0
0.016721536014987645,0.02623789606683441,2.2357562145279273,1839.0
0.018710855815817464,0.02319350052784109,2.3594010503029783,1839.0
0.018378418549346017,0.02530618311533888,2.318031316022827,1839.0
0.00644901409476044,0.030606412750067855,1.7953887705501872,1839.0
0.01940474420777676,0.02238314680710994,2.3284326329112814,1839.0
0.017758006913761133,0.02486958002335112,2.2158348629229287,1839.0
0.01553850151416086,0.025646198648187603,2.20161979014894,1839.0
0.018239915719298436,0.022892912784524013,2.316998076475784,1839.0
0.017777896932358615,0.025858184092220828,2.2323248584156326,1839.0
0.010050803197940644,0.0313559689116606,2.055457840579048,1839.0
0.016228959679452135,0.025922613922518465,2.300503403190792,1839.0
0.011740121535949586,0.03043886286298506,2.1243736948183427,1839.0
0.015193214101239671,0.026252179106404958,2.295867061368979,1839.0
0.017837058046848254,0.02596092718470341,2.2009132982094934,1839.0
0.008653697774005627,0.032958315651402344,1.9280722607485292,1839.0
0.013488797439414725,0.03210019433013259,2.040103563665367,1839.0
0.018767600462732747,0.02321312630594468,2.3337278266553567,1839.0
0.0073808299039780645,0.034921982167352546,1.9291263776897023,1839.0
0.016153357132378112,0.02540356496650203,2.292701260217125,1839.0
0.01853185240124965,0.023597200578136097,2.3674922294873917,1839.0
0.012085687153528936,0.029656417953961605,2.161375767811131,1839.0
0.014804900635158599,0.027809346549302727,2.244168824630717,1839.0
0.011969740496026046,0.029924351240065115,1.9950468398328849,1839.0
0.019078838694243025,0.023053240753925987,2.375301706863642,1839.0
0.0182255101406464,0.022368158734718296,2.293134058305541,1839.0
0.01943852319511908,0.021657212081678295,2.3373902326810114,1839.0
0.015507941934172102,0.027168922225126856,2.1966156166862345,1840.0
0.014029841742242954,0.027937621910756303,2.1952074042863896,1840.0
0.013017235271194246,0.0273393677448306,2.0323066625590065,1840.0
0.012962805225329154,0.02852733899312005,2.2066558145609387,1840.0
0.010183145075983707,0.030239655009897254,2.046127210942746,1840.0
0.015780881269587585,0.02558403775799423,2.289731326345653,1840.0
0.00894814580856124,0.035402422711058264,1.9552628224916342,1840.0
0.013821648437033061,0.02856564569851283,2.0518901308492468,1840.0
0.012770114836337432,0.028805512698515348,2.189178806370051,1840.0
0.00899653519441478,0.030483923203196074,2.013300803917022,1840.0
0.015519958280901042,0.025218515117505017,2.2454704172625424,1840.0
0.020464568368570177,0.02113705193152527,2.4675766989085073,1840.0
0.014008539644026171,0.03282972378183769,1.8668957333677365,1840.0
0.015617687526477396,0.026204947769762572,2.165205188685898,1840.0
0.013878879831016908,0.027851003993106478,2.139353364937831,1840.0
0.013031054445044455,0.026628402902669306,2.0780181595680816,1840.0
0.018258844642870736,0.02593467191341346,2.1662579385785032,1840.0
0.006146428571428574,0.03695204081632652,1.7074356333631215,1840.0
0.015139018298467434,0.027366426768082444,2.2072383210729116,1840.0
0.015598982152733963,0.026270914445677924,2.277754375282055,1840.0
0.01660357122940239,0.02656721953140999,2.1436487706460254,1840.0
0.00840264245841615,0.030365610639959847,1.978264527417056,1840.0
0.012481275320444778,0.030065371641504256,2.1046784124517455,1840.0
0.01903535914657443,0.023501440306461018,2.286149344680381,1840.0
0.018106327160493825,0.024277391975308642,2.2826598271179135,1840.0
0.011735763924316108,0.02916777199605483,2.038922675282645,1840.0
0.014218176592534243,0.027781030367060623,2.21950200642132,1840.0
0.014687801222832782,0.02697769280020263,2.227213513514123,1840.0
0.01050418179695806,0.030626023365060935,2.04586805916276,1840.0
0.014088424262309562,0.02806080799699655,2.23128534511248,1840.0
0.011523053564450655,0.03091432730483443,2.130368188286585,1840.0
0.018491090976617604,0.02355204745239191,2.3385715147282644,1840.0
0.01575498635369029,0.02585082573964575,2.129650576654525,1840.0
0.014304807180836276,0.028613138307066965,2.1570056118311984,1840.0
0.014992576991659637,0.027136048679735868,2.2105463846366784,1840.0
0.01918319119349124,0.024515212612576755,2.1393264005265067,1840.0
0.011687536393574184,0.03159451564128536,2.038830234676709,1840.0
0.015774422993177533,0.02621643199303237,2.270585203347842,1840.0
0.011878570576117815,0.029442821488057866,2.0572161501746096,1840.0
0.013820700247554642,0.028427744988527952,2.1250869116683435,1840.0
0.018874024022791275,0.022756894442574366,2.3918568269421545,1840.0
0.015240665533191282,0.02710132230545924,2.120983419796882,1840.0
0.009948566766287564,0.032365523054800505,2.0440913023609673,1840.0
0.011060481535810015,0.03359411032392525,2.008181679320342,1840.0
0.010616000000000004,0.027728,1.9584014618282557,1840.0
0.015886195383945416,0.024604441863840906,2.104184352301976,1840.0
0.015508629129715096,0.027160029856720624,2.272491211860445,1840.0
0.012251073444685808,0.028053051053101914,2.0764033451343833,1840.0
0.01638050899092315,0.02695812307644237,2.2082037612915695,1840.0
0.013363460015547692,0.028547525809896758,2.206912397446362,1840.0
0.01225278689452241,0.030556813037573564,2.020382583761632,1840.0
0.011559657202089173,0.02843844941706556,2.111511153342944,1840.0
0.016555748909270033,0.025141582320791896,2.2951507532740076,1840.0
0.015365713221223055,0.027136276651594432,2.2371765728688433,1841.0
0.01579999305212771,0.025823659890244356,2.2667496947607466,1841.0
0.01603887241565433,0.026043442454292156,2.3274095964932924,1841.0
0.020455035709228554,0.021017450723427946,2.433271229416505,1841.0
0.01774380260720881,0.025084692886245628,2.2965694706116984,1841.0
0.018526963124314053,0.023365699934442194,2.3414493678841546,1841.0
0.016086132580261592,0.02585222205707491,2.2714794667242257,1841.0
0.018367470285698084,0.022929641802832707,2.367501789448526,1842.0
0.017074160533183773,0.024947023591492867,2.3416371509985856,1842.0
0.014829850399030795,0.027232144882807015,2.1356246804472008,1842.0
0.01879046014607887,0.02315424185131059,2.4068842541256714,1842.0
0.015265949518294046,0.02646019387957396,2.1934816976435947,1842.0
0.018681291404532133,0.022949435783282086,2.39002203324565,1842.0
0.017200615230842688,0.024567638332774443,2.3484610565152666,1842.0
0.01710287491157798,0.02501462161930401,2.3444300235606876,1842.0
0.01881725460384291,0.022369243064388016,2.3782438569766438,1843.0
0.017645052763952482,0.02409665006973553,2.382651955858015,1843.0
0.011596838928978313,0.0298980367240021,2.049000817184252,1843.0
0.020042048023903518,0.021823607134107897,2.4242668271818895,1844.0
0.019621561904767843,0.021946946574463045,2.4404846610883837,1844.0
0.015332577087181002,0.026372191992338447,2.2945793257729505,1844.0
0.018968675224334118,0.021525734882384278,2.307987767163006,1844.0
0.01586807417118134,0.02703492505604068,2.257580389590609,1844.0
0.01640991313880924,0.026130249620509357,2.2805560742207205,1844.0
0.02002883664971577,0.021586861788326993,2.408923697242983,1844.0
0.01575043640143995,0.02608322823758385,2.2713685417517717,1844.0
0.01606080502672712,0.025817985988472507,2.291223533755045,1844.0
0.018570433085324963,0.022857018355268034,2.397921689863126,1844.0
0.012166685230563594,0.02882100690576966,2.1858179440053545,1844.0
0.012092271105826398,0.03120285374554101,2.0507405340707,1844.0
0.013576970432627424,0.028942089610498913,2.125323002280471,1844.0
0.014192924739506254,0.02800212872526922,2.2224305997112093,1844.0
0.012114730189596497,0.029838142354656986,2.139380412913434,1844.0
0.016139731355505164,0.02691857993197278,2.14218490757352,1844.0
0.019660799933075554,0.02219835198542534,2.4267846184628716,1844.0
0.01854815524323528,0.02366913371032806,2.334915306990986,1844.0
0.016078231635606274,0.024404612133103642,2.2004201064281794,1844.0
0.014899426999177602,0.0272254224176104,2.240025119114949,1844.0
0.01586527754733038,0.026676081537788922,2.210538579342436,1845.0
0.0193761169280607,0.022340965795310492,2.4230678445739007,1845.0
0.015232498379689654,0.0268725411773311,2.2795395519482953,1845.0
0.013825837258634434,0.028190821121013038,2.1498000636951042,1845.0
0.013536426144656239,0.02791500926913678,2.2248874445330173,1846.0
0.017309118200231483,0.024759928385416668,2.3162507930196194,1846.0
0.014532259084818476,0.026386085376303266,2.138314633225015,1846.0
0.019165206210503903,0.023460585953858686,2.39487922137209,1846.0
0.015012344450594213,0.028528662757072398,2.206696314011486,1846.0
0.01650919660669781,0.025376137365987653,2.194366658416744,1846.0
0.014300355881390671,0.02447268793942671,2.033091404328502,1846.0
0.016873333746667492,0.02561395622791245,2.1947119347363664,1846.0
0.015039956287138858,0.025099378457755617,2.1920637946724932,1846.0
0.02022544291295759,0.021641633165391874,2.3843670335764426,1846.0
0.012252327942309044,0.03096484165324745,1.8670644182635776,1846.0
0.012499941182283158,0.02906889201537731,2.126014534022314,1846.0
0.006143523526230396,0.0353358234180638,1.5456827397123276,1846.0
0.015606923041325382,0.028006913271733495,2.195607412418201,1846.0
0.017716292230915746,0.024016273507627937,2.348276636220104,1846.0
0.01865287010753439,0.0229866990365008,2.407177827906392,1846.0
0.017799763233553183,0.02457146894815,2.2688924245289925,1846.0
0.010392536167781337,0.03369980139129358,1.9847550016803457,1846.0
0.015894667877214448,0.02568077742402048,2.304554485635829,1846.0
0.016713555334319265,0.024673683768115174,2.3390644502565188,1846.0
0.014334422415286749,0.02785822133115516,2.0660661285964954,1846.0
0.013612847222222217,0.02845434027777777,2.0500352520385654,1846.0
0.015571294973057669,0.027710528766158316,2.0713152745931915,1846.0
0.01587097270280662,0.026022145328719725,2.201824545793322,1846.0
0.012281348575219994,0.029860233144552127,2.1619605372184934,1846.0
0.014279200494252572,0.02791813506669799,2.1581927723819527,1846.0
0.012387447386648197,0.029573365656135112,2.060241391945559,1846.0
0.016377446016501318,0.025433177573471553,2.2117976960171704,1846.0
0.015803480551742497,0.02549156663027486,2.185520418998782,1846.0
0.0136948770876337,0.02843873146931882,2.20937921474475,1846.0
0.012344050365244144,0.029573000768935022,2.005588524037269,1846.0
0.009320608116453799,0.03149114127799109,1.7962351968903174,1846.0
0.01088222928882269,0.03246005283551072,1.9893721468627703,1846.0
0.014554681742455802,0.02698707744933621,2.2195274482263123,1846.0
0.01439968657434313,0.02905525744412019,2.1214539230502183,1846.0
0.014493440501570375,0.02767845127961211,2.180479853084223,1846.0
0.015665316966057045,0.026214422491614698,2.266655755142109,1846.0
0.015016662401506618,0.02670543956362464,2.2167650669092414,1846.0
0.011320701616137453,0.03128144150736303,2.066949665574734,1846.0
0.014537442732194913,0.026802998750520612,2.203645603996665,1847.0
0.019321602708341434,0.022368876355416546,2.3924086132331857,1847.0
0.007475683496027674,0.03029045464450289,1.8100564134176027,1847.0
0.018640342878674648,0.021932183721203865,2.393949411437818,1847.0
0.01999232424908456,0.0218331781620923,2.4327536439519175,1847.0
0.01371993136846769,0.028193761945405356,2.1933546482280963,1847.0
0.013463507543147638,0.028512738465731408,2.2004128882044407,1847.0
0.018503367186210533,0.023135653445967484,2.375953379093297,1847.0
0.020351937585733882,0.02083464613340192,2.348941021950833,1847.0
0.015206561147263292,0.026339155104365644,2.2602292955320546,1847.0
0.016380188209352994,0.026006946620009887,2.28564805305766,1847.0
0.01612189066969732,0.025038237417261015,2.309756103354198,1847.0
0.020379506313666532,0.02189799347892062,2.402425905598452,1847.0
0.01814333200912778,0.023787614674661173,2.3808927620084805,1847.0
0.016623555761290886,0.02511200886532284,2.3000061271794716,1847.0
0.013692297520661149,0.026604694214876032,2.089882238093529,1847.0
0.010846764124822826,0.030960935032792063,2.0653487402845983,1847.0
0.0196896601872046,0.02116861021335185,2.3838686902639603,1847.0
0.016378680200470733,0.026651854557259963,2.209675761555152,1847.0
0.017606240334243097,0.02421416642082004,2.375823592774993,1847.0
0.015945204525394923,0.025388407414565613,2.317468431057261,1847.0
0.01639455546665832,0.024629755753612627,2.2611883840647855,1847.0
0.018166550073915644,0.023549241387786607,2.345049983356366,1847.0
0.01906753895521904,0.02143823734108216,2.3801718658190882,1847.0
0.016638733661023756,0.02466856337438308,2.3065102261048427,1847.0
0.01328242456167313,0.0313176929596608,1.9947223502521698,1848.0
0.01918854822817421,0.022197539139685276,2.3868936291561473,1848.5
0.01799009365932239,0.022848606469067632,2.2340627851769366,1849.0
0.009551290294924556,0.0352178712277092,1.8347234038050222,1849.0
0.012806530504329443,0.029516987243043163,2.082892032951783,1849.0
0.020065655299490337,0.0213878748857665,2.4451359551613177,1849.0
0.019139843927445183,0.022526962185337052,2.3818857566360037,1849.0
0.020485094417385778,0.02092021204860058,2.4411720705449467,1849.0
0.01693286718310365,0.02599046946276984,2.1601495132625956,1849.0
0.019333589545294506,0.021689403513404763,2.374520127904774,1849.0
0.018313304304004272,0.02300243576272806,2.3313988326215993,1849.0
0.014411086170345432,0.027460349850922244,2.1942198701378612,1849.0
0.012026337006181137,0.031478097285675896,2.074378637498068,1849.0
0.020160033446154777,0.021492148005877777,2.4065522995976565,1849.0
0.005799070573408947,0.03812151392097834,1.6152385830895835,1849.0
0.013498658928021812,0.030474054811213493,2.0127317595425374,1849.0
0.020811828198579484,0.02094185951606913,2.4626711963293415,1849.0
0.009980197817677021,0.0292592554787739,1.8791886241180369,1849.0
0.009511519451530606,0.03259028220663266,1.923208635674054,1849.0
0.014331216218262204,0.02743512392314796,2.179010098984024,1850.0
0.011729972540118403,0.03121775844827859,2.0107068941452564,1850.0
0.010782636834319528,0.031001525517751476,2.05377030664587,1850.0
0.012878824535088138,0.029475331043047694,2.056388725000496,1850.0
0.011852357038047415,0.031025034272290773,2.027265523789757,1850.0
0.014184744302607879,0.029916203304879,2.020072874331973,1850.0
0.017218664751887762,0.025213667923369553,2.324768847138802,1850.0
0.01252305321653037,0.028052124535902355,2.097913192513387,1850.0
0.01274758547168664,0.028134327092061002,2.1469711710207884,1850.0
0.019239228890258298,0.022247084023194173,2.3767030350651717,1850.0
0.013925968933436493,0.02922443943123636,2.1739646180385734,1850.0
0.020531437557710062,0.021080548822714682,2.4455299072048415,1851.0
0.020030247284677092,0.021993182555913152,2.3032852626282154,1851.0
0.011255478451424397,0.029658053323593864,1.9511925089517772,1851.0
0.010995240065141465,0.030490550822384787,2.0188058079791773,1851.0
0.013214285714285717,0.03035714285714286,1.9534363160763035,1851.0
0.010372214117076277,0.03160394764265532,2.0309810264764225,1851.0
0.01942350123385107,0.022364842502540283,2.4033047094550386,1851.0
0.018259450651389123,0.023517705946278184,2.3830544749996974,1851.0
0.020067679305125354,0.021651889295436714,2.4457951076495754,1851.0
0.018744374187382618,0.02305504356859854,2.4190873061977403,1851.0
0.018789194510397643,0.02475898375232619,2.285104778122788,1851.0
0.019689437181122454,0.02181827965561225,2.399490849547047,1851.0
0.019473747164576744,0.022393587726876885,2.425720101863624,1851.0
0.012956118276187477,0.0297602876833767,2.090762014625636,1851.0
0.01659911867471993,0.0241724788359029,2.2484989453938744,1851.0
0.020070759771933032,0.021863214359207184,2.4241876826655395,1851.0
0.008162334911308012,0.03370272983477316,1.9595392247108114,1851.0
0.01537803302148747,0.026104409628775263,2.2192162538513234,1851.0
0.016796982167352537,0.024431584362139918,2.3151244656786747,1853.0
0.020673113061824577,0.0209317150050193,2.4712334564468312,1853.0
0.01213135966047306,0.029157393509652706,2.094222511146652,1853.0
0.014330383496373758,0.028812299713273738,2.178384459099838,1853.0
0.01819311265455556,0.024695845256111182,2.107196656535623,1853.0
0.014496426453606319,0.027261009331793644,2.2112607679237026,1853.0
0.020188528986437786,0.021431564642339695,2.4544210623040805,1853.0
0.00933737006069215,0.033086603338068184,1.9853427310743597,1853.0
0.018939722335974168,0.023183247768141686,2.368175152884858,1853.0
0.015703735447813477,0.026225373430867418,2.303893316480516,1855.0
0.008163130411791923,0.0353047128032256,1.890085557650719,1855.0
0.011789034056598795,0.02898689459983936,2.16276427133849,1855.0
0.020245467861495645,0.021390465396751025,2.441492521699049,1855.0
0.019656508264462805,0.02191503099173554,2.4265936439011178,1855.0
0.018001208087760238,0.02367644618927697,2.3926262789946913,1855.0
0.018915070494557675,0.02265304989407554,2.329684513058133,1855.0
0.019526671675432004,0.021805204562529882,2.344021645527472,1855.0
0.02099757126249555,0.02115684957378747,2.440041091085535,1855.0
0.01573871527777778,0.027847395833333333,2.2301697000407072,1855.0
0.009257950373240289,0.03610599060813827,1.9120101635623128,1855.0
0.01950494026060882,0.023711372366754132,2.339967228215464,1856.0
0.020347551706061347,0.021372679459431044,2.4277005147167734,1856.0
0.020112333198894848,0.022696812254576766,2.366376377300568,1857.0
0.018792364732285165,0.023016470757274372,2.4035520596149054,1857.0
0.017826939064670637,0.023635146468152433,2.3540004097330343,1857.0
0.016629100820529378,0.025708166847514716,2.2455276195440343,1857.0
0.01823018197097752,0.023885792801669296,2.3442763991219984,1857.0
0.019900728642136274,0.022195855749743726,2.421290282170319,1857.0
0.020055487757863866,0.02236915760669739,2.408163924671903,1857.0
0.017714109224064224,0.024270679275459155,2.2628226603827466,1857.0
0.01718504105424329,0.025206377640344543,2.284723833244572,1857.0
0.018600033920823864,0.022477507293229147,2.3545662729545027,1857.0
0.019183095759755516,0.022182919506715307,2.410049807026444,1857.0
0.019175890841753723,0.022251562382065423,2.4144671816054353,1857.0
0.01880372392391423,0.02298587397354741,2.3909491787835977,1857.0
0.019741717243028218,0.022257408017748365,2.4208763687488934,1857.0
0.017479488292309914,0.024360365387397442,2.31675071950092,1857.0
0.022290892578652702,0.02191270962236543,2.170073680390589,1857.0
0.016729260233837372,0.02487778005818398,2.3512084842459595,1858.0
0.018267586250333586,0.023545880054360774,2.332096958954664,1859.0
0.018882230635178174,0.023053037678024153,2.3762419821811713,1859.0
0.017783257273259873,0.024419156973161014,2.319107269854177,1859.0
0.010649489795918364,0.031095408163265312,2.0112049403662797,1860.0
0.011476547187020899,0.03125303227308894,2.061391094785453,1860.0
0.013402603433477876,0.03172895914835388,2.008071834797122,1860.0
0.010387129804662889,0.031722589792060496,2.0579219758129175,1860.0
0.011023184914750272,0.030147916745078846,1.9375079415413483,1860.0
0.010013877087041786,0.031849964865449526,2.0643990978454583,1860.0
0.020493055895153798,0.020940646377709315,2.461673875645433,1861.0
0.008293444328824139,0.03568505029483178,1.9217770069086868,1861.0
0.018554136503523277,0.023431836563962798,2.382521979827618,1861.0
0.019989004068195433,0.02222112509650806,2.4191742622537302,1861.0
0.016563593943265537,0.02341731932585763,2.2449909108713983,1861.0
0.018200513863229472,0.023138585839816178,2.344199558613976,1861.0
0.009210541092967355,0.03102328114822219,1.8749984250268097,1861.0
0.013635067446935132,0.027837358658996225,2.2379899922263418,1861.0
0.018379740851923,0.023513847315636938,2.3036305468467417,1861.0
0.01310197878933653,0.02933719651395827,2.162576630462537,1861.0
0.016316853641127567,0.025295664729209848,2.241904569196087,1861.0
0.014533268928873333,0.026731071126675526,2.228476811585136,1861.0
0.018607325006633185,0.023535539155472136,2.31621417881415,1861.0
0.011920161806168502,0.028003401931811278,1.698961669795098,1861.0
0.014245288472655793,0.027666204185454964,2.207094602732539,1861.0
0.016009298982502636,0.027245569506525014,2.18061840085449,1861.0
0.012371626297577851,0.03181245674740484,2.0610409829434113,1861.0
0.009293664949134622,0.034581847007530725,1.8776207434246042,1861.0
0.017419366722540474,0.024800788373335294,2.2846177372195027,1861.0
0.01303759035313195,0.028717694057456333,2.1928928893633506,1861.0
0.013569798306822985,0.027510356130225823,2.141985856793691,1861.0
0.015250676610204222,0.025134094751041593,2.2688879772327537,1861.0
0.020628938205549525,0.020950081209392343,2.454003472421656,1861.0
0.019743159567775188,0.02204721802187614,2.32555413485504,1861.0
0.011476704760672947,0.030418233386609504,2.0124182729941777,1861.0
0.014291870152255103,0.028314421143349616,2.080997270907222,1861.0
0.014217458677685946,0.02793130165289256,2.1743509657635016,1861.0
0.016594533107815834,0.025893124844079365,2.264825044299036,1861.0
0.01665987090818586,0.025026932936212668,2.311400694665115,1861.0
0.013764329261116207,0.02884094814396346,2.0919882301582615,1861.0
0.017092789428325195,0.022703246193622528,2.314247734648674,1861.0
0.018551384869276794,0.02425909290452654,2.201193368658631,1861.0
0.01707621257175223,0.023638750013615213,2.2392867582087086,1861.0
0.018804859838045865,0.02267767606745256,2.3632759305842375,1861.0
0.015395963737324487,0.024715391734418692,2.24657857227821,1861.0
0.01581713663743328,0.025802389906682065,2.0943159407126632,1861.0
0.010468161079150957,0.03103550882761356,1.9651371047846278,1861.0
0.015492751722537756,0.026221773223094758,2.25831163447933,1861.0
0.019067988091528505,0.02118313119417905,2.164968993398641,1861.0
0.014291870152255103,0.028314421143349616,2.080997270907222,1861.0
0.018144180777440257,0.023749570597612332,2.386920554602151,1861.0
0.014868323966759047,0.026130961918495968,2.249479632897386,1861.0
0.018983510532211697,0.02386203858682895,2.3652026418872416,1861.0
0.017722139131147934,0.0237617091869952,2.38929301741726,1861.0
0.01576076591650438,0.02649616164069156,2.2897760548694093,1861.0
0.018346037544758637,0.023507673281828147,2.3168755963006067,1861.0
0.009717828795435583,0.03171515069184343,1.9681088353575598,1861.0
0.01879769845562166,0.02268962952947539,2.4111117557740362,1861.0
0.017305486333610225,0.024678859617894858,2.2670032595245737,1861.0
0.016306718502698266,0.025738448923552187,2.1972828818439627,1861.0
0.019751586259623442,0.0216320736745206,2.406775261782952,1863.0
0.0201820184701455,0.02164723141231312,2.4318530332213735,1863.0
0.018344292739565525,0.025772746727009625,2.211391006808303,1865.0
0.018225099717588147,0.024641817334847296,2.327155996930652,1865.0
0.019210285121679837,0.022173266777410463,2.3798298091644883,1865.0
0.016720126521656813,0.02539941235409399,2.312914649711222,1865.0
0.015616146819419295,0.02516894459722779,2.157700781889626,1866.0
0.012846630939950796,0.029789921640574302,2.0524075234406944,1866.0
0.013520221140556461,0.02521603269034313,2.099247695623441,1866.0
0.009674540509173317,0.03557323938626381,1.909295653466148,1866.0
0.013520221140556461,0.02521603269034313,2.099247695623441,1866.0
0.01561801025769067,0.02652590951177138,2.227099022569815,1866.0
0.012896035336327286,0.02842546448715528,2.14014549361526,1866.0
0.01501096971541848,0.028236808499580515,2.0581768163104135,1866.0
0.018198745568742153,0.02415978442665966,2.35018051525385,1868.0
0.011278184238373182,0.03093772294815872,2.052275578545864,1868.0
0.017669938233460927,0.02322486961437599,2.326001221035739,1868.0
0.015442659279778394,0.027481163434903047,2.2442974356152843,1868.0
0.015333461253803356,0.027004193963981255,2.238034026541142,1868.0
0.020005939502041877,0.0219876634980328,2.4348245979209606,1869.0
0.016994868646112014,0.025532652076663304,2.236827117069974,1870.0
0.014397246068425757,0.028154131242569394,2.126214946882854,1870.0
0.017729800920766377,0.02390211246365776,2.330420244309744,1870.0
0.010267238820736047,0.03353514189609361,1.9639454145483373,1870.0
0.014272309861301628,0.0276372694711172,2.15729951591002,1870.0
0.015466718535656523,0.02636227759464384,2.201934888975859,1870.0
0.014272642529700414,0.027979827124225202,2.1907994796291375,1870.0
0.013726312557117707,0.02901621790048437,2.158990641343441,1871.0
0.018932731836787377,0.02215722040647379,2.3851914305052597,1872.0
0.015086901885710782,0.026520846983067507,2.234605194776376,1873.0
0.011970170525336086,0.02886316226864002,1.9307751308374583,1874.0
0.015335857220118982,0.027440129799891824,2.1672109548561114,1874.0
0.01819543709622047,0.023064198995037605,2.2444614812058026,1874.0
0.019705961331901178,0.022350542710158856,2.326911726269151,1874.0
0.016318119921723523,0.026866957047137225,2.1088641146224205,1874.0
0.020027918021079116,0.022122380156085537,2.3853370471476594,1874.0
0.013337793999132682,0.028459544118714507,2.1948687102757027,1874.0
0.01709662486322701,0.027807002777543974,1.9984849209324815,1874.0
0.014772049793884301,0.026382300037197635,1.9625217201861305,1874.0
0.0065354966127970406,0.03557094013463867,1.9161814749618018,1874.0
0.012410155672157391,0.029395737071553497,2.1612689291887315,1874.0
0.0074052467160977044,0.035304302006097334,1.9104198867356672,1874.0
0.02023015380845023,0.023614817341598496,2.2629040676820478,1874.0
0.014231652401047215,0.028968187865970278,2.173914826576907,1874.0
0.01771338296398892,0.021398411049553707,2.2479991465226328,1874.0
0.016122044874055087,0.022638049208383144,2.2955679527410755,1874.0
0.009691718771273866,0.030956420649134377,2.022691700087733,1875.0
0.015414827183341782,0.024664369681868466,2.1940173632249076,1875.0
0.01051071379656145,0.031529386390935894,1.9662742214096525,1875.0
0.016015383873456787,0.026747444058641965,2.1396314516227832,1875.0
0.011788290126400562,0.029750345376866386,2.1430983653277407,1875.0
0.011910304394705399,0.03155689729155448,1.9819930409441961,1875.0
0.016592545043677128,0.025034373095473957,2.271750492767554,1876.0
0.01683286402312964,0.02516205070206102,2.2931409186092315,1876.0
0.018423394887075836,0.023257499151847334,2.3486227524750976,1876.0
0.014631339625310706,0.027321754919442928,2.2635978619240236,1876.0
0.014664715369147388,0.027726245036695275,1.9939203423576473,1876.0
0.017417232908676257,0.02467347525048514,2.3573507951763726,1876.0
0.015763096189028325,0.025864248627895586,2.236954802005801,1876.0
0.014196474690082641,0.027171035640495868,2.1558680909870604,1876.0
0.011803717666034096,0.029179974142427866,2.081001124964761,1876.0
0.016021449277821214,0.02602026477296702,2.236259814135639,1876.0
0.015544373913497734,0.02564353946524499,2.2051020362269256,1876.0
0.014997256337118143,0.027562176328936046,2.1870113037411785,1876.0
0.01842831209654967,0.023355403725501617,2.3785861868234246,1876.0
0.014797968521202718,0.027407271961201168,2.183988884242557,1878.0
0.01984713289343274,0.022095885510850708,2.3079317557982257,1878.0
0.015812538220717223,0.02801920847746918,2.1663695383130515,1878.0
0.015215769435346152,0.026803350970017632,2.286082523902867,1878.0
0.013742286277642861,0.029487186270411928,2.0736006882496993,1878.0
0.018790476462935832,0.023447317267793956,2.384344671802753,1878.0
0.016075943617617224,0.02607791185332102,2.1710073492794435,1878.0
0.017709675297575847,0.023981562545362167,2.349350982416072,1878.0
0.012977631494341564,0.030568817515432094,2.094601977010786,1879.0
0.014646728074631578,0.02672722167329282,2.1354333163799475,1880.0
0.020436851211072665,0.019588694852941176,2.303902912792925,1881.0
0.018889914868699613,0.022670713030944555,2.3649109346370922,1881.0
0.019758064373771613,0.021702555596861985,2.3845505088720094,1882.0
0.017751654064272208,0.02369986755816938,2.366766018793381,1882.0
0.014769417196718109,0.02836006631822944,2.1621502830744803,1883.0
0.01754205565758596,0.020190063513927138,2.2735663349276325,1883.0
0.01857093425605537,0.020945674740484442,2.2536664393632106,1883.0
0.012926685485608045,0.026267160947295625,2.156542046447502,1883.0
0.01538299960400131,0.02766481293366161,2.1541506367998435,1884.0
0.01736963810845184,0.021486877095617984,2.260825954495113,1885.0
0.014948332240347043,0.017408195593440024,2.15530702497862,1885.0
0.02001221576354208,0.02012002391680113,2.4137612120296073,1885.0
0.015667087286757753,0.025910222888204038,2.322034748954669,1886.0
0.018270298149002155,0.022007424763681862,2.3423907700624262,1886.0
0.014959144320754273,0.02644059663002637,2.2663043552958357,1887.0
0.015708977433868447,0.025893224470860104,2.2739173333987197,1887.0
0.014664454762628804,0.026853377389862456,2.297330862793195,1887.0
0.016714591786156557,0.02684506328214682,2.2530934729627314,1887.0
0.016874709568770036,0.024896434698248496,2.32107998354297,1887.0
0.017474577765708092,0.02440002533529945,2.3326350656713974,1887.0
0.009420228996948573,0.02949945410262871,2.0663507773404763,1888.0
0.011775951191347557,0.029582516900723315,2.0542925690779463,1888.0
0.008367214532871977,0.03369160899653979,1.9180014401818661,1888.0
0.013378238633682206,0.02911179076685646,2.18962508527622,1888.0
0.020370430324012718,0.022302811158841706,2.2830555872567775,1889.0
0.019659698901421222,0.022007681192542736,2.383371648351334,1889.0
0.016878605659167916,0.023484020634290774,2.221561843107049,1889.0
0.018973345087108726,0.02380266905818629,2.355573999261925,1889.0
0.009977709190672158,0.03178240740740742,2.076209654268803,1889.0
0.010969333333333338,0.030302666666666665,2.123601026457042,1889.0
0.009266379929635842,0.03168574665217632,1.9287642191600913,1889.0
0.009853374055084924,0.03116751426873593,2.00178645759504,1889.0
0.008362755172986854,0.0328464739578564,1.9840639932875732,1889.0
0.012790348892573562,0.02913050604978318,2.1076106876047422,1889.0
0.01926083041576716,0.020048188778649,2.415343217577942,1889.0
0.023400287708455425,0.019944589482657576,2.2831114601294087,1889.0
0.01802344680038634,0.02373528784169269,2.3795345549361238,1889.0
0.015036944483008628,0.029120376797733456,2.1897643776335216,1889.0
0.01806361607142857,0.0246484375,2.2483288375838018,1889.0
0.017963487158394388,0.02404180845166429,2.3484047828948698,1889.0
0.01910400725334425,0.02312917460305855,2.336141281432753,1889.0
0.019150175158459445,0.022918815799701456,2.4089189017824055,1889.0
0.01768238976031184,0.02421506343584266,2.279068225185246,1889.0
0.0144036167574747,0.026128343781253054,2.186253790085948,1889.0
0.018178800932137563,0.022745568815761598,2.3212796892415417,1889.0
0.01844020684982464,0.023106201509193326,2.410679718485339,1889.0
0.02062510343088453,0.022878911657547234,2.3365965264221265,1889.0
0.020873370729327507,0.02145760697321958,2.4018196674802694,1889.0
0.020593489605252084,0.020817113458463092,2.3904310229449197,1889.0
0.018221162735571894,0.023212256657098133,2.350079996611033,1889.0
0.016038441293084016,0.02555406808575898,2.3306382495223392,1890.0
0.013225295915155711,0.02934917340966767,2.099427228313182,1890.0
0.01371326896173201,0.025698676474536226,2.245015778570263,1891.0
0.017486440653187725,0.024014541272556273,2.34234260437478,1891.0
0.012295002885983519,0.02940368365593707,2.168378277846575,1891.0
0.014465808281607095,0.027078797426985993,2.2630936646170645,1891.0
0.018956267384926083,0.02282411575026673,2.356617259541569,1892.0
0.01683150350593799,0.024577899405020108,2.2783384734817846,1892.0
0.016746987734286914,0.025362896661750907,2.2464354787371,1892.0
0.01737672632635015,0.02402325224470799,2.3242844163062233,1892.0
0.01491232195646332,0.027870700080623496,2.158565851042978,1892.0
0.018322864016102423,0.023506391957768557,2.340741533715136,1892.0
0.018368925996965258,0.022438546632829605,2.3625759210522226,1892.0
0.015734157458330227,0.026580209205975636,2.2672412102945705,1892.0
0.01591475892236164,0.026867995525793963,2.241602924063838,1892.0
0.01479094692543481,0.02728189723788718,2.214879331766308,1892.0
0.01803039804114784,0.02377795694108513,2.3655540145491494,1892.0
0.018123967875877584,0.023451938212754698,2.366171192188954,1892.0
0.013174391861733789,0.028517717218805794,2.183781163995215,1892.0
0.01733489514918371,0.02427991297616813,2.3528531522306624,1893.0
0.01402607738316625,0.027780063062429975,2.205580091955687,1893.0
0.015673342620867337,0.02481674732156721,2.2099362344903986,1893.0
0.01816885762768368,0.024175717056512246,2.3204403224678973,1893.0
0.01943199690615781,0.02210572635328277,2.3244916899651376,1893.0
0.016768496260683764,0.02610779811801447,2.307527780575181,1893.0
0.01909886950390655,0.022511960978962936,2.3936826832240063,1893.0
0.01942863313125704,0.022027858762552636,2.3679313262713255,1893.0
0.014803556758812987,0.026802913312856377,2.2446469782029084,1893.0
0.016585795468797473,0.02460834836023311,2.306053253226917,1893.0
0.018910035419126326,0.0236793388429752,2.346964903018323,1894.0
0.019498518050418075,0.02302922662107032,2.3463413322201965,1894.0
0.016253874013729054,0.02603919895708206,2.202146825444123,1894.0
0.015201953952004662,0.026086626607945924,2.2617929765289415,1894.0
0.01890140757154895,0.02377016947036609,2.334840546800645,1894.0
0.012523163935216755,0.028908418927948966,2.2105671949023797,1894.0
0.01644159447369911,0.025085539566599525,2.3395633669782914,1894.0
0.013394847439867812,0.02825516294853029,2.2013123403985113,1894.0
0.017489391741975866,0.023615861598734682,2.2037740075752597,1894.0
0.017533522781232304,0.025114670130172642,2.322044757698273,1894.0
0.014645293559810757,0.026661596994764985,2.2830671938490616,1894.0
0.01803959070295655,0.024388696948304565,2.264929001997191,1894.0
0.01140516698172653,0.029392984667086744,2.060715405280588,1894.0
0.020008847325146514,0.021778312354448704,2.4283849550648684,1894.0
0.011242000180277632,0.02946881948200228,2.045397458518553,1894.0
0.014283063975477404,0.02750991908723316,2.1117524819491686,1894.0
0.00830479584123899,0.03492179184599009,1.848983239544499,1894.0
0.01890536436687222,0.0228993964859333,2.3583137578573283,1894.0
0.014951831385397822,0.02689312435815932,2.210555958802116,1894.0
0.015485026185023712,0.026929677522349933,2.204215150135478,1894.0
0.018781865687451455,0.022542193347927404,2.381143601163529,1894.0
0.00992567536229439,0.03264470693893384,1.8943568755363933,1895.0
0.01776265873725396,0.02599832945409433,2.303219697531831,1895.0
0.016279980986883522,0.025686977299880523,2.2756355038027607,1895.0
0.013901152748937492,0.028135249083040624,2.1488705427936576,1895.0
0.01838576589708334,0.023947521032457102,2.3426641631805616,1895.0
0.01307030671610728,0.02901141010609397,2.1321196063722097,1895.0
0.014748127629014044,0.02859854314147943,2.1096210831014943,1895.0
0.01521892305070347,0.027184461080205224,2.1584525664164214,1895.0
0.012756640625000006,0.028575000000000003,2.1494108874736138,1895.0
0.01659521265818122,0.025620982151080333,2.1761839367345464,1895.0
0.010233705907969222,0.031241431589813063,2.0334740103393822,1895.0
0.012473045843822222,0.029444897485568052,2.18839143166937,1895.0
0.011410189879741751,0.03065279823625539,2.066000769008551,1895.0
0.01473904995550661,0.023301262039026355,2.2204748927699103,1895.0
0.016307809286521938,0.025634173098883592,2.216652859066138,1895.0
0.01922989717602512,0.02323175639673956,2.3529771967347424,1896.0
0.008888728335982457,0.03310695373526336,2.0640754089435553,1896.0
0.010087824192176872,0.032304067460317464,2.0732510495111476,1896.0
0.01661949753213958,0.025726010101010097,2.250387649154237,1896.0
0.017919475237840803,0.024873103731489925,2.3004866424860166,1896.0
0.012781437277854985,0.029756901728543048,2.096431162518126,1896.0
0.014957277882797734,0.027693005671077506,2.198124275358403,1896.0
0.017207392939814815,0.023760006751543213,2.301831326900481,1896.0
0.017614193575168247,0.0283583522293886,2.0339270691859315,1896.0
0.020418202211184105,0.022275676974843783,2.3498041584479847,1896.0
0.016651020408163266,0.024357142857142855,2.2717276284476386,1896.0
0.0168627596170024,0.027071711376524133,2.2466384160888864,1896.0
0.01842357683091084,0.024884779535374935,2.3095928582672283,1896.0
0.013467493412768719,0.02810612126741983,2.1950147214866353,1896.0
0.0157129982925942,0.02598349584963709,2.239172652745501,1896.0
0.010671326750422878,0.03139683239601555,2.081965815762519,1896.0
0.018911636467052746,0.023270235069713024,2.3725958366123225,1896.0
0.015586532878501962,0.02677003193496879,2.2352302873948804,1896.0
0.018516401632542465,0.02330056393842402,2.34986637627151,1896.0
0.015954495641687567,0.027441778356542518,2.2300119405248906,1896.0
0.019493103604899392,0.023785371466638405,2.3106839238820727,1897.0
0.01727941449495428,0.02353015439227073,2.3153460244560864,1897.0
0.02031721262560281,0.021000669344042835,2.457065809963466,1897.0
0.01454086718896604,0.02846966480577969,2.152541051450623,1897.0
0.012436947568142896,0.028313337806778038,2.027484831048978,1897.0
0.018049352857365215,0.02449084661342656,2.2800173666791546,1897.0
0.012686792168390904,0.030723739172492635,2.026469571438308,1897.0
0.013777610205171709,0.028733465296760612,2.213512534065752,1897.0
0.015062660459206264,0.02937835564790369,2.1541985693992585,1897.0
0.015129008641989173,0.025905611958401648,2.246542659290601,1897.0
0.012766322718904101,0.029405017730181563,2.113110669193146,1898.0
0.013791319782156098,0.027665688492688887,2.2246788700799907,1898.0
0.016020658718727994,0.02574091581064534,2.2580478357257423,1898.0
0.014955926244985686,0.02830422638160127,2.1448760872880004,1898.0
0.01163779037558152,0.03007156463204548,2.08803855676777,1898.0
0.015946107138551727,0.02709870629215337,2.1557868565340526,1898.0
0.008397147012352776,0.0342820848893996,2.0333663017259638,1898.0
0.013727121464226293,0.028475142649106732,2.1971858637399904,1898.0
0.009169292234927769,0.032836127819272774,1.920032235752846,1898.0
0.012704542769376177,0.02871536802930056,2.1626500265477,1898.0
0.0076668905861610286,0.03408845008194701,1.9567640241334434,1898.0
0.01364706699325774,0.02790964874624378,2.1840850922161046,1898.0
0.01572879202325736,0.028306469489553385,2.059030072261627,1898.0
0.014743600802810994,0.02785972660720345,2.1542694402746636,1898.0
0.018943941117289972,0.023924384471313856,2.299355611105634,1898.0
0.011553132182502812,0.03140740378502616,2.083751013581002,1898.0
0.017105731577073697,0.024816660733357067,2.3230169566227623,1898.0
0.013006222222222226,0.02797511111111111,2.0988638926814973,1898.0
0.016495857452433704,0.027583500526356674,2.195024917084492,1898.0
0.018857126265343055,0.02327436549464522,2.4008782240525557,1898.0
0.018350064811354656,0.024323604672119713,2.3133366196978935,1898.0
0.011422984579589608,0.030327219623276648,2.0100880657037608,1898.0
0.009849911308252373,0.03145666104479534,2.0746561479513836,1898.0
0.012615981793287729,0.02940762739291326,2.144788721957083,1899.0
0.01236785291730826,0.02973978104391407,2.159214084838167,1899.0
0.012755806436145323,0.029504235263383284,2.1240075262470715,1899.0
0.01390690265887839,0.027770546748502177,2.1856951116060612,1899.0
0.014014315925982089,0.027888004996081864,2.1772389445127054,1899.0
0.013363433257373625,0.02895266868076536,2.14233948548727,1899.0
0.010416474792315205,0.030871815653263097,1.958131152742802,1900.0
0.013767613528843972,0.027911310982445703,2.195029050172435,1900.0
0.013566382137345682,0.02837758005401234,2.115616640664438,1900.0
0.01157534944451153,0.029325649453568407,2.0999872648389966,1900.0
0.014793586504161713,0.026777088287752673,2.2356882998011467,1900.0
0.012792444944222756,0.02899322313885102,2.0269276534595253,1900.0
0.016761791300460314,0.024546087106173634,2.3221166789677503,1900.0
0.014172771086422538,0.027570557613205086,2.1819015100722154,1900.0
0.013830247844390471,0.028746126604692345,2.1888598215458708,1901.0
0.012492710490860459,0.027695107482555454,2.117947770223352,1901.0
0.018590511499765865,0.023172857915721424,2.377675825459964,1901.0
0.012395908545520189,0.029704721378665935,2.1381529596006152,1901.0
0.01338634258025941,0.028416297411215888,2.2117402432681317,1901.0
0.01628536711063994,0.02573357235171151,2.2905579186406673,1901.0
0.012656597432019728,0.029255699772075767,2.0947690671187567,1901.0
0.014123898079942035,0.02802157549410297,2.230585114621193,1902.0
0.01758697814108515,0.024300612717023256,2.318672833273398,1902.0
0.014988352211939438,0.028480736711694942,2.1791684880240427,1902.0
0.012901041350817209,0.029423564041442564,2.178504877018825,1902.0
0.011746891176295597,0.029253287320759214,2.113564690941623,1902.0
0.013910106682586704,0.02807808413231784,2.209882940975037,1903.0
0.013446786539690862,0.028500149568096506,2.1736287938641112,1903.0
0.01801927511317821,0.023814951558020724,2.330054126948004,1903.0
0.015819498753500447,0.026139605282255313,2.19205520575753,1903.0
0.01751295693209402,0.024812755850444162,2.2644466123337184,1903.0
0.014994599349979505,0.02677085346117001,2.1932612378664467,1903.0
0.013712279069620265,0.028361598815270478,2.1734748623012115,1903.0
0.016027993412302485,0.026695871119612722,2.133147622963824,1903.0
0.01909592647509235,0.02282519037462365,2.3582289664042606,1903.0
0.017512307379675286,0.024530600199168688,2.3352317760368537,1903.0
0.019301206549842003,0.019202456190749784,2.3265588276529536,1903.0
0.01747194555558538,0.024408373379151117,2.199787136813228,1903.0
0.015551560924356226,0.025481247857009563,2.2136938646065882,1903.0
0.016663128119101863,0.024749785668963086,2.3243404792625317,1903.0
0.01825785623984107,0.02223979252206795,2.3826566103805717,1903.0
0.015634318262726946,0.026110074759700955,2.294112119383177,1903.0
0.02132064247471743,0.02011897679952409,2.4518421030325865,1903.0
0.020045689174107137,0.021834392936862245,2.3841840013849245,1903.0
0.019547285789151884,0.023846242029871605,2.2566457957038075,1903.0
0.021256978114029632,0.02049922744951782,2.4229209565553496,1903.0
0.01459514377433235,0.027604415681988938,2.229502511219583,1903.0
0.018971276684905593,0.02639455945211383,2.228660417280318,1903.0
0.019571443846131097,0.022250204177273643,2.4284336147368526,1903.0
0.019910207939508505,0.020009451795841206,2.19345716284404,1903.0
0.017978348282063253,0.024718823131289484,2.3238827918052047,1903.0
0.020280745791833338,0.0207824371124057,2.4456725673350665,1903.0
0.01352316130855358,0.028056407559683437,2.19602646844617,1903.0
0.019064173111243306,0.01998438429506246,2.32677455837044,1903.0
0.011493389423076924,0.030175203402366853,2.119826498088029,1903.0
0.020895499070443215,0.021004858691746474,2.371211959121612,1903.0
0.015414666549228575,0.027527304355485085,2.151985012240247,1903.0
0.016672104693583174,0.025073487182742802,2.3015509026440113,1903.0
0.019537292717836025,0.022567009787621623,2.368706614289674,1903.0
0.018016861092049797,0.024903440839133414,2.323433443187299,1903.0
0.01769289918078846,0.023331376871435435,2.3491212596476845,1904.0
0.01918741642735033,0.02303898717001146,2.3375263409970617,1904.0
0.016394401755121513,0.02571261150226258,2.238758618671678,1904.0
0.016962608400477218,0.02311474666657821,2.283164215836627,1904.0
0.018994279302300174,0.02269708513116007,2.414163591258713,1904.0
0.019910888384930315,0.021646475552279276,2.3850191344247373,1904.0
0.008319377162629761,0.03368685121107266,1.882071932020088,1904.0
0.017265951175570563,0.02486703213969518,2.3188556314079385,1904.0
0.009154050674404205,0.032376015248455126,1.9609639075768097,1904.0
0.01207527490132185,0.029510324564214083,2.0755696647115554,1904.0
0.013663950468591212,0.02638864842485603,2.2334340467098577,1904.0
0.01964284646791925,0.022149482009313673,2.432357233366082,1904.0
0.01721326692080493,0.02681220845885543,2.2188105739675614,1904.0
0.014025412359068474,0.027386816718421525,2.245127898530901,1904.0
0.01565455623830096,0.02577219510242654,2.299027172610151,1904.0
0.016584756351520204,0.025015553415243648,2.34878185349781,1905.0
0.013649198610575897,0.028207739580997593,2.123733197072747,1905.0
0.014325968763486033,0.027526277964190143,2.210974548931686,1905.0
0.014729393478720286,0.027290662558201367,2.238522426823438,1905.0
0.019806122448979592,0.0213734693877551,2.4162232327461663,1905.0
0.021037928338513756,0.02169581052992887,2.4140451033960844,1905.0
0.02029052734375,0.0212841796875,2.324675849650244,1905.0
0.012783040474166956,0.029182038553658352,2.171029733111534,1905.0
0.01592720529155188,0.025312607610192835,2.272429299400462,1905.0
0.015708850578351294,0.02586228450322601,2.3013346337691174,1905.0
0.01352371090715843,0.028389568213634336,2.210161578632463,1905.0
0.01674850278904247,0.02466260518094851,2.3640960661994286,1905.0
0.012443245438211528,0.028896512463513335,2.1598705388198858,1905.0
0.017539373921723053,0.024264722083163177,2.323508854704729,1906.0
0.02062651909773473,0.020900263853212035,2.473857047766221,1906.0
0.011563926481529894,0.030197420016489375,2.1695405652906676,1906.0
0.01713854508902868,0.02476832659705011,2.3329477615563303,1906.0
0.011467017609523754,0.030751770309509863,2.0730855431103596,1906.0
0.011814280435366836,0.03119646096479441,2.0555425264035954,1906.0
0.01180511267006803,0.0300874255952381,2.0630003858178814,1906.0
0.01273281165494862,0.0268599580854516,2.1866048800053663,1906.0
0.01445719116048787,0.026214225335104466,2.1338722138065553,1906.0
0.012341944969544216,0.029871875656374718,2.1005388181209663,1906.0
0.011894498762627288,0.030191387074526354,2.0809208492083786,1906.0
0.013771569772851815,0.02786623380651564,2.197874184232322,1906.0
0.01226326530612245,0.029695918367346936,2.0362081569173824,1906.0
0.012971744370012342,0.028912661642862443,2.058502753286836,1906.0
0.013309342560553633,0.029094809688581313,2.053788104725927,1906.0
0.015819804348000552,0.026432360423404414,2.276483895282342,1907.0
0.015472680613575398,0.026381167520700282,2.267335968718505,1907.0
0.013716712389733234,0.028434377989159314,2.2080016049367788,1907.0
0.013623567227893204,0.02805380171041919,2.2028854725433713,1907.0
0.013938096046980035,0.02863907156203742,2.180080871493863,1907.0
0.015390082644628102,0.02654049586776859,2.1817346644561266,1907.0
0.012986322168489248,0.02858435625930878,2.0563811550411724,1907.0
0.015461015269582455,0.02710088134168131,2.1638308126189147,1907.0
0.01687700249199003,0.026667853328586684,2.180095032566045,1907.0
0.010451316833496097,0.03268718719482422,1.9304661650859907,1907.0
0.016751312188406673,0.025692566733761496,2.303618933271376,1907.0
0.01388221526443053,0.02781674313348627,2.212231240262286,1907.0
0.01395105867016841,0.028316671299446948,2.173886484014362,1907.0
0.012040625000000004,0.03029218750000001,2.0888873341289687,1907.0
0.012258035062089119,0.029261525038552064,2.1116357336539275,1907.0
0.014192899408284023,0.026934911242603547,2.1902946516224984,1907.0
0.013508282093266606,0.028222139781213483,2.2010774761222858,1907.0
0.018005018010265286,0.022427260647529982,2.358844588097221,1908.0
0.014960554893023397,0.02744516204264811,2.241509707717171,1908.0
0.01575995729214377,0.02462623102566865,2.2505934805954566,1908.0
0.015370969517449238,0.026928140590975057,2.246873490697087,1908.0
0.0132795706303162,0.029235027245515896,2.1265103733728266,1908.0
0.014747587857456564,0.027883282391118015,2.1811049839326926,1908.0
0.01865264441396129,0.022469135802469134,2.3622511584586388,1908.0
0.013804274925392324,0.02821970664473891,2.1913341068758365,1909.0
0.019351673906404184,0.022274837765960443,2.4257709447727165,1909.0
0.015540485307899726,0.026605325814392067,2.211507633699985,1909.0
0.014461566196298183,0.02614614666875502,2.2434012219269555,1909.0
0.009659577130268273,0.031101905662021496,2.012006406197881,1909.0
0.013397209190804144,0.021919598867186803,2.041669062252891,1909.0
0.017987257617728535,0.023804224376731298,2.345118358608786,1909.0
0.020545851791515652,0.021227472264510782,2.433486103738432,1909.0
0.020208546290461853,0.021486158370090314,2.448739546120798,1909.0
0.01842828954451461,0.0233523134380998,2.4002769492954705,1909.0
0.02081130534097429,0.020556039341166992,2.4438962890560916,1909.0
0.014961775556212828,0.02694723223006505,2.236577310941238,1909.0
0.020771914351246843,0.020773380100902208,2.4741148691834,1909.0
0.015265382366415899,0.026617921428915902,2.2278147701577646,1910.0
0.02008006198347108,0.020596590909090908,2.4081648251938557,1911.0
0.016628219915417148,0.017156862745098037,1.9782305035272079,1911.0
0.015583865820029517,0.025663388284624986,2.2566517890309608,1912.0
0.015783521245614152,0.024816158975693014,2.2445622836630865,1912.0
0.01493822149464932,0.02626091439497846,2.248069015343038,1912.0
0.015857989801135976,0.02541424247868327,2.296504411494325,1913.0
0.020277955830079835,0.021142124584814403,2.4531269462150487,1913.0
0.017619841192039992,0.017458092343887857,2.2945628301813965,1913.0
0.020608768163023664,0.020905040557394144,2.423180237309081,1914.0
0.015015221919564175,0.025806761736901135,2.178082909575598,1914.0
0.01918208821157713,0.019294368626810523,2.392700611630405,1914.0
0.014624661667803796,0.02751459934286124,2.1797683806978965,1914.0
0.014233777777777777,0.027408888888888892,2.1384642031437258,1914.0
0.01138983985966501,0.02876902727478497,2.0766091874642667,1915.0
0.006378478418930534,0.031627999206821335,1.9496385160743037,1915.0
0.013951762523191101,0.026188227357058523,2.2007474505622096,1915.0
0.018571164047097775,0.021950462372969968,1.9059127608215758,1915.0
0.016498611278831062,0.02569134162540755,2.039102641109822,1915.0
0.01086545729402873,0.030529572940287228,1.9896577231704213,1915.0
0.011455268220914444,0.0314303700769579,1.9712042075068064,1915.0
0.011272261546770863,0.029489697879326416,2.113338831868614,1915.0
0.017030341548384065,0.023673739648364795,2.2822506390167825,1915.0
0.014384159977095313,0.027472746458557913,2.1881463135162225,1917.0
0.011098572922193444,0.030657497425173996,2.117165073104788,1921.0
0.009699144398288798,0.03166632114514229,2.0864906225891757,1921.0
0.01032566503866904,0.03107526459056023,2.0713194903028356,1921.0
0.01282210897039299,0.028756438373740464,2.152419246913261,1921.0
0.00942623551720992,0.03191467698002059,2.050982235034275,1921.0
0.01254629239962966,0.028664464270684295,2.1338232412113394,1923.0
0.011155299744916084,0.03077500575858313,2.0538556601096185,1923.0
0.010972516950468405,0.030339397546710827,1.973930101210311,1923.0
0.011893639049518952,0.028155854650135096,1.8749803987059317,1923.0
0.005113610069878283,0.03343514276458884,1.636995294092842,1923.0
0.01284525484774846,0.02884046134199563,2.195106656201908,1925.0
0.017960654560377553,0.020521271502342592,2.207456217536785,1925.0
0.017741816948386002,0.02248911753066878,2.375976999627215,1925.0
0.01243432106500458,0.02798370848756355,2.2014304230540236,1925.0
0.02070987654320988,0.02095679012345679,2.479697504824446,1936.0
0.02084121134433584,0.020827591732094215,2.4840393716896405,1936.0
0.020820769715742444,0.02084818124503166,2.483024572238684,1936.0
0.008552664077317466,0.03350042332528039,1.9405548321416837,1942.0
0.01123517587557804,0.03112258662684435,2.026406643188753,1942.0
0.012063029377501665,0.030237864972115846,2.09801977363455,1942.0
0.011761648986252052,0.029820340080510526,2.1337721261210754,1942.0
0.013657232588553855,0.028947795593950894,2.1268425894338683,1942.0
